content_clean,source,type
"titulo: recetas saludables contra el frío invernal en el menú semanal del 19 de enero url: fiestas patronales como san antón aparte, superada la mitad de enero ya las fiestas navideñas empiezan a quedarse verdaderamente atrás y el cuerpo pide comida casera reconfortante. nada mejor estos días que un menú semanal lleno de platos nutritivos y sanos, sabrosos y apetecibles, que nos hagan entrar en calor y refugiarnos del frío. las legumbres son las grandes aliadas en estas semanas, sin tener que recurrir obligatoriamente a los potajes y cocidos más contundentes de matanza con sus embutidos y demás avíos. son muy agradecidas también con hortalizas de temporada o incluso ingredientes marineros, ahora que bajan de precio tras las navidades. guisos de toda la vida, sopas, cremas y algún que otro capricho que nos apetezca son las mejores opciones para terminar de aguantar la cuesta de enero. recuerda que el congelador, el táper y utensilios como la freidora de aire son tus grandes amigos para que cocinar y planificar no sea un suplicio. lunes comida . de primero lahanosalata griega y un segundo de unas lentejas con acelgas. . de primero lahanosalata griega y un segundo de unas lentejas con acelgas. cena. sopa con verduras. un vistazo a menu semanal para llevar al trabajo rápido y fácil de hacer martes miércoles jueves viernes sábado domingo newsletter de directo al paladar suscríbete a al fondo hay sitio , una forma distinta de informarte cada semana de la actualidad gastronómica hecha con pasión por el equipo de dap. suscribiéndote aceptas nuestra política de privacidad aperitivos y picoteos desayunos, meriendas y caprichos dulces en dap el truco del origami que te permite cocinar el pescado siempre en su punto en dap hervir pollo: la técnica para tener una carne sana, rica y versátil para aprovechar toda la semana",directoalpaladar,web
"titulo: ejercicio físico en verano url: practicar ejercicio físico en verano requiere tomar ciertas precauciones debido a las altas temperaturas, la mayor exposición al sol y el riesgo de deshidratación. aunque mantenerse activo es fundamental para la salud, el calor extremo puede afectar el rendimiento y aumentar el riesgo de golpes de calor, deshidratación o lesiones. en este artículo, exploraremos cómo ejercitarse en verano de manera segura y efectiva, además de ofrecer consejos sobre hidratación, nutrición y equipación adecuada. toma nota de estos consejos que te planteamos desde nutt. beneficios de realizar ejercicio en verano el verano es una excelente época para mantenerse activo, ya que disponemos de más tiempo libre y hay más oportunidades de practicar deportes al aire libre. además, entrenar en ambientes calurosos puede generar ciertas adaptaciones fisiológicas beneficiosas: aumenta la resistencia : el cuerpo se adapta al calor, mejorando la capacidad de sudoración y termorregulación. : el cuerpo se adapta al calor, mejorando la capacidad de sudoración y termorregulación. favorece la quema de grasa : al aumentar la temperatura corporal, el metabolismo se activa y se queman más calorías. : al aumentar la temperatura corporal, el metabolismo se activa y se queman más calorías. reduce el estrés: la combinación de ejercicio y actividades al aire libre disminuye los niveles de cortisol y mejora el estado de ánimo. recomendaciones para realizar ejercicio físico en verano 1. hidratación: clave para evitar la deshidratación uno de los principales riesgos al entrenar en verano es la deshidratación. la sudoración excesiva provoca pérdida de líquidos y electrolitos, lo que puede derivar en calambres musculares, fatiga e incluso golpes de calor. consejos para mantener una hidratación adecuada: bebe entre 400 600 ml de agua unos 30 60 minutos antes del ejercicio. unos 30 60 minutos antes del ejercicio. durante la actividad, toma pequeños sorbos de agua cada 15 20 minutos . . si el entrenamiento dura más de 60 minutos o es de alta intensidad, consume bebidas isotónicas para reponer sales minerales y glucosa. para reponer sales minerales y glucosa. evita las bebidas azucaradas o alcohólicas, ya que favorecen la deshidratación. consulta nuestro artículo sobre cuánta agua deberíamos beber al día para más información. 2. equipación: ropa adecuada para el calor la vestimenta juega un papel fundamental en el rendimiento y la comodidad al entrenar en verano. para evitar el sobrecalentamiento, elige ropa ligera y transpirable. recomendaciones: usa ropa de colores claros para reflejar el calor. para reflejar el calor. opta por tejidos transpirables y ligeros como poliéster o microfibras técnicas. como poliéster o microfibras técnicas. gorra o visera para proteger la cabeza del sol. para proteger la cabeza del sol. gafas de sol deportivas para reducir la exposición a los rayos uv. para reducir la exposición a los rayos uv. calcetines transpirables y zapatillas con buena ventilación. 3. elige el mejor momento para entrenar en verano, el calor puede ser extremo, por lo que es fundamental elegir las horas adecuadas para entrenar. horario ideal para hacer ejercicio: mañana temprano (6:00 9:00 a.m.) : temperaturas más bajas y menos radiación solar. : temperaturas más bajas y menos radiación solar. tarde noche (8:00 p.m. en adelante): el sol ha bajado y la temperatura es más agradable. evita entrenar entre las 12:00 y las 17:00, ya que es el momento de mayor exposición solar y calor. 4. protección solar: un imprescindible al hacer ejercicio al aire libre, la piel está expuesta a los rayos solares, lo que aumenta el riesgo de quemaduras y envejecimiento prematuro. consejos de protección solar: usa protector solar de amplio espectro (mínimo spf 50) y aplícalo 30 minutos antes de salir. y aplícalo de salir. reaplica cada 2 horas o después de sudar en exceso. o después de sudar en exceso. opta por protectores resistentes al agua y al sudor si realizas actividades acuáticas. si realizas actividades acuáticas. evita la exposición prolongada al sol y busca lugares con sombra. 5. alimentación antes y después del ejercicio mantener una alimentación equilibrada en verano es clave para un buen rendimiento y una óptima recuperación después del ejercicio. antes del entrenamiento: hidratos de carbono de absorción lenta (avena, pan integral, fruta) para energía sostenida. (avena, pan integral, fruta) para energía sostenida. proteínas magras (yogur, claras de huevo) para preservar la masa muscular. (yogur, claras de huevo) para preservar la masa muscular. bebida isotónica o agua para comenzar bien hidratado. después del entrenamiento: recuperar líquidos con agua o bebidas isotónicas. con agua o bebidas isotónicas. proteína y carbohidratos para reparar músculos y reponer glucógeno. para reparar músculos y reponer glucógeno. opciones saludables: batido de frutas con yogur, tortilla con pan integral, ensalada con legumbres. consulta nuestra sección de nutrición deportiva para conocer más sobre la mejor alimentación para entrenar. 6. realiza ejercicios de calentamiento y estiramientos no importa la estación del año, el calentamiento y los estiramientos son fundamentales para prevenir lesiones y mejorar la flexibilidad. consejos: calentamiento: realiza 5 10 minutos de movilidad articular y activación cardiovascular . realiza . estiramientos post entrenamiento: ayuda a reducir la tensión muscular y mejorar la recuperación. ayuda a reducir la tensión muscular y mejorar la recuperación. evita cambios bruscos de temperatura: después de entrenar, no te expongas de inmediato a aire acondicionado o agua fría. 7. escucha a tu cuerpo: señales de alerta es importante estar atento a cualquier síntoma de sobrecalentamiento o deshidratación: síntomas de alarma: mareos o sensación de desmayo. calambres musculares persistentes. piel roja y caliente sin sudor. latidos del corazón acelerados. confusión o desorientación. si experimentas alguno de estos síntomas, suspende la actividad de inmediato, busca un lugar fresco, hidrátate y, si es necesario, solicita ayuda médica. conclusión hacer ejercicio en verano es una excelente manera de mantenerse en forma, pero requiere tomar precauciones adicionales. hidratación, equipación adecuada, protección solar y alimentación equilibrada son fundamentales para entrenar de manera segura. escuchar al cuerpo y adaptar la rutina a las condiciones climáticas marcará la diferencia entre una experiencia positiva y una situación de riesgo. si necesitas asesoramiento en nutrición deportiva y rendimiento, contacta con nutt y descubre cómo mejorar tu entrenamiento de manera saludable. equipo de dietistas de nutt",nutt,web
"titulo: el agua en las comidas no engorda url: el agua es un elemento esencial para la vida y cumple múltiples funciones en el organismo, desde la regulación de la temperatura corporal hasta el transporte de nutrientes. no contiene calorías, por lo que no puede hacernos ganar peso, independientemente del momento en que la consumamos, por lo que el agua en las comidas no engorda y te explicamos porqué. ¿beber agua engorda? la verdad detrás del mito el agua es un elemento esencial para la vida y cumple múltiples funciones en el organismo, desde la regulación de la temperatura corporal hasta el transporte de nutrientes. no contiene calorías, por lo que no puede hacernos ganar peso, independientemente del momento en que la consumamos, por lo que el agua en las comidas no engorda y te explicamos porqué. algunas personas creen que beber agua durante las comidas diluye los jugos gástricos y ralentiza la digestión, lo que supuestamente favorecería el aumento de peso. sin embargo, no hay evidencia científica que respalde esta afirmación. al contrario, algunos estudios han demostrado que beber agua antes o durante la comida puede incluso ayudar a controlar la ingesta calórica. estudio relevante: un estudio publicado en obesity (2015) encontró que las personas que bebían medio litro de agua antes de las comidas consumían menos calorías y perdían más peso en comparación con quienes no lo hacían (parretti et al., 2015). beneficios de beber agua durante las comidas 1 favorece la digestión: el agua ayuda a descomponer los alimentos, facilitando su tránsito por el sistema digestivo. 2 aumenta la sensación de saciedad: beber agua antes o durante la comida puede reducir la cantidad de alimentos consumidos y ayudar en el control del peso. 3 mejora la absorción de nutrientes: mantener una buena hidratación favorece la absorción de vitaminas y minerales. 4 regula el metabolismo: un estudio en the journal of clinical endocrinology metabolism (2003) sugiere que beber agua puede aumentar el gasto energético hasta en un 30 en los siguientes 30 40 minutos (boschmann et al., 2003). 5 previene el estreñimiento: una ingesta adecuada de agua contribuye a mantener un tránsito intestinal saludable. otros mitos sobre el agua y la alimentación mito 1: beber agua fría engorda falso. el agua fría puede incluso aumentar ligeramente el gasto calórico, ya que el cuerpo debe calentarla hasta alcanzar la temperatura corporal. mito 2: beber agua con las comidas provoca hinchazón la hinchazón no está relacionada con el agua, sino con la cantidad y tipo de alimentos consumidos. comer demasiado rápido o ingerir alimentos ricos en sodio puede generar sensación de distensión abdominal. mito 3: el agua con gas es mala para la digestión no hay evidencia de que el agua con gas tenga efectos negativos en la digestión. de hecho, algunos estudios sugieren que podría aliviar síntomas de dispepsia y estreñimiento leve. mito 4: solo debemos beber agua cuando tenemos sed la sed es un mecanismo tardío de alerta. es recomendable mantener una hidratación constante a lo largo del día. si quieres mejorar tu alimentación no dudes en contactarnos programa una visita contacta ya ¿cuánta agua deberíamos beber al día? la cantidad de agua que necesitamos depende de diversos factores como la edad, el nivel de actividad física y la temperatura ambiental. según la autoridad europea de seguridad alimentaria (efsa), la cantidad recomendada es: mujeres: 2 litros (8 vasos) por día hombres: 2,5 litros (10 vasos) por día para saber más sobre este tema, consulta nuestro artículo en nutt: ¿cuánta agua debemos beber al día? conclusión beber agua con las comidas no engorda, no ralentiza la digestión ni provoca hinchazón. al contrario, tiene múltiples beneficios, como favorecer la digestión, aumentar la sensación de saciedad y mejorar el metabolismo. es momento de desterrar estos mitos y entender que el agua es un aliado fundamental en nuestra alimentación y salud general. si necesitas asesoramiento personalizado sobre hidratación y nutrición, contacta con nutt y te ayudaremos a mejorar tu alimentación. nutt, nutricionistas y dietistas en valencia",nutt,web
"titulo: productos bio, veganos, sin gluten, sin azúcar url: sol natural productos ecológicos sol natural te ofrece productos ecológicos para una alimentación saludable. prueba nuestros productos sin gluten, veganos, sin lactosa y sin azúcar añadido.",solnatural,web
"titulo: calabacín rebozado y crujiente en freidora de aire: el aperitivo más sano que se prepara en 10 minutos url: si eres amante de los aperitivos y buscas reemplazar snacks comerciales de escasa calidad nutricional y adictivos como las tradicionales patatas fritas de bolsa, te mostramos cómo elaborar un calabacín rebozado y crujiente en freidora de aire, que resulta una alternativa mucho más sana para preparar en 10 minutos. calabacín rebozado crujiente para reemplazar la tradicional fritura y lograr un calabacín rebozado crujiente mucho más saludable, podemos acudir a la freidora de aire que utiliza una mínima cantidad de aceite pero logra iguales resultados. comenzaremos precalentando la freidora de aire a 180 c y lavando muy bien un calabacín para después secarlo y cortarlo en rodajas de medio centímetro de grosor aproximadamente, conservando su piel. en platos hondos preparamos: 60 gramos de pan rallado mezclado con 20 gramos de parmesano rallado; 40 gramos de harina de trigo mezclada con sal y pimienta negra molida; y un huevo batido. así, comenzamos rebozando las rodajas de calabacín en la mezcla de harina, posteriormente las pasamos por huevo batido, y por último, por la preparación a base de pan rallado, para después colocar cada rodaja de calabacín en el cestillo de la freidora de aire, sin apelmazar y en una sola capa. las rociamos con un poco de aceite y colocamos en la freidora de aire durante ocho minutos, girando las rodajas a mitad de cocción. este plato que se prepara en muy poco tiempo resulta una alternativa ideal para picotear y evitar los snacks comerciales así como las preparaciones fritas colmadas de grasas y calorías, constituyendo un aperitivo muy saludable que aporta una gran cantidad de potasio y fibra, con reducido aporte de grasas y calorías. en vitónica 13 aperitivos frescos y ligeros a base de fruta, para aprovechar esta temporada en vitónica qué dejar de comer para bajar de peso imagen dap",vitonica,web
"titulo: el mayor experto en longevidad del mundo revela los cuatro alimentos que nunca comería: son la receta para el fracaso url: dan buettner ha estudiado durante más de 20 años los hábitos de vida de las personas más longevas del mundo y ha inventado el término de zonas azules en donde viven la mayor cantidad de personas centenarias por metro cuadrado. este gran experto en longevidad desvela los cuatro alimentos que nunca comería. en diferentes investigaciones dan buettner ha ido conociendo cómo viven, que comen, cómo se relacionan y diferentes aspectos de la vida de las personas centenarias que influyen en su longevidad. por eso, revela que la alimentación es uno de los grandes pilares y en concreto el experto nos habla sobre los alimentos que no deberíamos tener en casa, para así no caer en la tentación de comerlos. estos alimentos son muy ricos y nos encanta picotearlos pero son muy poco saludables, y como buettner dice: son la receta para el fracaso , lo que no quita que de vez en cuando nos demos el capricho de su consumo, pero lo mejor es olvidarnos de tenerlo en la despensa para no ingerirlo de forma diaria. refrescos azucarados las bebidas azucaradas no sólo son una de las principales fuentes de azúcares añadidos en la dieta de los americanos y en muchos otros países, sino que su consumo está asociado con el desarrollo de sobrepeso, obesidad, resistencia a la insulina, diabetes, hipertensión, enfermedades cardiovasculares y muchas otras enfermedades crónicas no transmisibles. snacks salados comerciales desde las típicas patatas fritas de bolsa hasta múltiples crackers y todo tipo de ganchitos están estrechamente asociados con la obesidad, pues concentran sodio, almidón y grasas en apreciables cantidades que los vuelve especialmente adictivos. estos alimentos que pueden promover la acumulación excesiva de grasas pueden por ello, desencadenar enfermedades metabólicas con la diabetes tipo 2, cardiopatías, e incluso algunos tipos de cáncer como explica la oms. caramelos y otros chuches los caramelos, golosinas y otros snacks dulces en general como galletas, bombones, chocolatinas, helados y demás, no sólo son fuentes de azúcares libres sino también concentran grasas saturadas, lo cual se traduce en mayor riesgo de obesidad y aterosclerosis. alimentos ultraprocesados en este gran grupo de alimentos no sólo se encuentran los anteriormente nombrados sino también fiambres, embutidos, salchichas, pizzas congeladas, cereales de desayuno, sopas preparadas y otras alternativas de escasa calidad nutricional que poseen un gran número de ingredientes, muchos de ellos de origen industrial, y en los cuales no se reconoce al alimento en su estado natural. para distinguirlos recomendamos mirar el estado de los ingredientes y optar siempre por las alternativas menos procesadas, con menor número de ingredientes y en lo posible, que posean una nula o ínfima cantidad de azúcares añadidos. estos son los cuatro alimentos que el mayor experto en longevidad del mundo recomienda no tener en casa ni consumirlos de forma diaria si queremos tener una vida extensa y saludable. en vitónica postres sin azúcar: las mejores recetas imagen christian clavadetscher, dabuettner y kenny eliason",vitonica,web
"titulo: el picoteo puede arruinar los beneficios de comer saludable, según un estudio url: comer alimentos entre horas es más habitual de lo que pensamos y dependiendo de la calidad de los mismos, podemos condicionar considerablemente nuestra dieta y la salud. así, el picoteo puede arruinar los beneficios de comer saludable, según un estudio. snacks poco sanos y más riesgo cardiometabólico el picoteo o la ingesta de tentempiés entre comidas principales, representa una gran proporción de la ingesta energética diaria; por lo tanto, resulta determinante de la calidad de la dieta general. un estudio publicado en la european journal of nutrition que evalúo a poco más de 1000 personas, detectó que el 95 de los participantes tomaban tentempiés y que la ingesta diaria de snacks fue de 2,28 unidades. el 44 de los participantes no coincidieron en la calidad de las comidas y los snacks, y si bien la frecuencia y la cantidad de energía que aportaba el snack no se asoció con marcadores de riesgo cardiometabólico, sí influenció en la salud el consumo de snacks de escasa calidad nutricional. concretamente, una menor calidad de los tentempiés se asoció con mayores niveles de triglicéridos en ayunas y de triglicéridos postprandiales, así como también con insulina en ayunas superior, mayor índice de resistencia a la insulina y más hambre. todo esto lleva a pensar que aunque cuidar la calidad de las ingestas principales resulta importante, si tomamos snacks o tentempiés ultraprocesados, ricos en azúcares, en grasas o en sodio, podemos estar igualmente perjudicando la salud y arruinando los beneficios de comer sano a lo largo del resto del día. el picoteo puede implicar mucho más para nuestra salud de lo que pensamos y este estudio así lo demuestra. por lo tanto, lo recomendable es acudir a semillas, frutos secos, frutas frescas u otros alimentos de calidad para saciar verdaderamente el hambre y obtener nutrientes sanos entre horas. en vitónica retovitónica: una semana de snacks saludables para picar entre horas de forma sana imagen tyler nix",vitonica,web
"titulo: los tres mejores snacks ricos en proteínas y bajos en hidratos que puedes preparar en casa url: si buscas calmar el hambre de forma efectiva entre horas sin descuidar tu dieta recomendamos evitar los snacks de origen industrial o ultraprocesados de escasa calidad y alto poder adictivo. en su reemplazo, te mostramos tres snacks ricos en proteínas y bajos en hidratos que puedes preparar en casa. debido a su riqueza en proteínas de calidad, de estos platos fáciles de realizar pueden saciarnos de manera efectiva, ofreciéndonos de esta forma un mejor control de la cantidad de alimentos consumidos. así, dejamos tres recetas fáciles y rápidas para preparar nuestros propios snacks en casa: un vistazo a todas las mentiras (y verdades) sobre los batidos de proteínas endivias rellenas de salmón, queso y aguacate con proteínas y grasas de calidad podemos elaborar en minutos y sin cocción, unas endivias rellenas de salmón, queso y aguacate para lo cual sólo tenemos que montar sobre las hojas de envidia fresca y previamente lavada, un poco de salmón ahumado, queso de cabra y aguacate, pudiendo condimentar con zumo de lima, pimienta negra, ajo granulado y sal al gusto. además de ofrecer grasas saludables y proteínas de alto valor biológico, este snack brinda una gran cantidad de vitamina d al organismo derivada principalmente del salmón ahumado pero también del queso que incluye la receta. pastelitos de queso y limón sin azúcar si somos amantes de los snacks dulces, estos pastelitos de queso y limón sin azúcar que solo llevan tres ingredientes, son la alternativa ideal, súper fácil y rápida. sólo tenemos que mezclar 125 gramos de queso fresco batido con un huevo y un par de cucharadas de zumo de limón, pudiendo agregar edulcorante apto para cocción si deseamos aún más sabor dulce. cocinamos en una taza o en un molde pequeño e individual en el microondas durante 2 minutos a máxima potencia y tendremos este snack rico en proteínas y en calcio para degustar y saciarnos con facilidad a cualquier hora del día. mug cake salado o pastel en taza de vegetales con hojas de espinacas frescas o de acelga así como con cualquier otra hortaliza (poca cantidad) que tengamos en casa bien picada y un par de huevos pequeños y queso rallado, podemos crear un mug cake salado o pastel en taza de vegetales. sólo tenemos que lavar y picar finamente o cortar en juliana fina las hortalizas elegidas para después combinar con el queso rallado y los huevos así como las especias y condimentos que más nos apetezcan. colocamos en una taza o recipiente individual apto para microondas y cocinamos a máxima potencia durante 3 minutos en este artefacto. estos son tres snacks ricos en proteínas y bajos en hidratos que fácilmente podemos preparar en casa, para calmar el hambre entre comidas de manera efectiva y con nutrientes sanos para el organismo. en vitónica las mejores recetas bajas en carbohidratos en vitónica cuánta proteína hay que consumir al día imagen vanessa loring y vitónica",vitonica,web
"titulo: marcos vázquez, creador de fitness revolucionario, recomienda estos dos micro entrenamientos de apenas un minuto para mejorar tu salud física y mental url: interrumpir largos períodos sentado con breves momentos de movimiento es una estrategia cada vez más popular para combatir los efectos negativos del sedentarismo. estos breves ejercicios, conocidos como snacks de ejercicio, no requieren mucho tiempo ni preparación y pueden integrarse fácilmente en cualquier rutina diaria. marcos vázquez, reconocido creador de contenido sobre movimiento y salud, propone un par de micro entrenamientos que se pueden hacer en apenas un minuto para poner en práctica los citados snacks de ejercicio. snacktivity : la nueva forma de moverse cuando no tenemos tiempo el estilo de vida moderno está marcado por muchas horas delante del ordenador, la televisión o el móvil, algo que afecta directamente a la salud cardiovascular y metabólica. estudios recientes muestran que incorporar pequeños momentos de ejercicio a lo largo del día puede revertir gran parte de estos efectos negativos, mejorando notablemente nuestra salud general. estos snacks de ejercicio pueden incluir actividades tan simples como subir y bajar escaleras durante un minuto, hacer sentadillas junto al escritorio, o estirar brazos y piernas cada hora. la clave está en interrumpir la inactividad y activar el metabolismo, evitando que el cuerpo permanezca en reposo prolongado. además de sus beneficios físicos, los snacks de ejercicio también contribuyen a mejorar la concentración y productividad en tareas laborales o académicas. tomarse breves descansos activos puede reducir la fatiga mental, incrementando así la capacidad de atención y creatividad. una investigación destacó que incluso solo tres minutos de ejercicio moderado cada hora pueden mejorar significativamente la sensibilidad a la insulina y reducir el riesgo de diabetes tipo 2. estos pequeños pero frecuentes movimientos pueden ser tan efectivos como una sesión tradicional de entrenamiento prolongado. para quienes argumentan que carecen de tiempo para realizar ejercicio formal, esta estrategia resulta ideal. permite mantener un estilo de vida activo sin necesidad de reservar grandes bloques de tiempo para entrenamientos estructurados, facilitando su adherencia a largo plazo. otra ventaja significativa es que los snacks de ejercicio no requieren equipamiento especializado ni espacios específicos. en casa, en la oficina o incluso en la calle, cualquier lugar puede convertirse en un espacio para activar nuestro cuerpo durante unos minutos. este enfoque también es una excelente manera de comenzar a incorporar el ejercicio en la rutina diaria de quienes tienen una vida mayoritariamente sedentaria. el hábito de realizar pequeños movimientos frecuentes es más fácil de mantener y puede abrir la puerta hacia actividades físicas más intensas con el tiempo. levantarse y sentarse en la silla durante un minuto marcos vázquez es uno de los creadores de contenido que revolucionó las publicaciones de fitness hace ya mucho tiempo, de ahí que sea conocido como fitness revolucionario. una de sus recomendaciones es sentarse y levantarse de la silla durante un minuto. se basa en un estudio en personas mayores que observó como, únicamente repitiendo ese minuto de sentarse y levantarse, era suficiente para aumentar la fuerza y masa muscular en personas desentrenadas. ya tenemos el primer micro entrenamiento que podemos hacer ahora mismo y será muy útil, especialmente en personas que no hacen nada de ejercicio. la espera activa de las tareas cotidianas de casa otra recomendación que hace marcos es utilizar esos tiempos muertos mientras se calienta la leche en el microondas, por ejemplo, para moverse. en ese minuto podemos hacer unas flexiones, una plancha frontal, elevaciones de talón para mover la sangre en las piernas y cualquier ejercicio que se te ocurra. puedes crear una premisa que te haga moverte cada día: cada vez que vaya al baño, haré cinco zancadas con cada pierna , o puedes poner una barra de dominadas en casa, de las que se acoplan a una puerta, y cada vez que pases por ella debes hacer cinco dominadas. aquí puedes ser todo lo creativo que quieras. micro entrenamientos si queremos organizar mejor esos tiempos muertos a lo largo del día, podemos diseñar micro entrenamientos muy sencillos que no requieren material. vázquez propone dos ejemplos muy sencillos que marcarán la diferencia si los repites algunas veces cada día. el primero consiste en realizar 15 sentadillas, 10 flexiones y 30 segundos de plancha abdominal. en un minuto habrás movilizado todo el cuerpo y puedes continuar con tu día hasta dentro de una o dos horas, momento en el que puedes volver a romper el sedentarismo de la misma forma. otra opción es hacer jumping jacks, zancadas laterales y dominadas, cada uno durante 20 segundos. de nuevo entrenamos el cuerpo en apenas un minuto y nos servirá para activar músculos. diseña tu propio micro entrenamiento y notarás como ese minuto hace mucho más por ti de lo que crees. referencias islam h, gibala mj, little jp. exercise snacks: a novel strategy to improve cardiometabolic health. exerc sport sci rev. 2022 jan 1;50(1):31 37. doi: 10.1249 jes.0000000000000275. pmid: 34669625. ahmadi mn, clare pj, katzmarzyk pt, del pozo cruz b, lee im, stamatakis e. vigorous physical activity, incident heart disease, and cancer: how little is enough? eur heart j. 2022 dec 7;43(46):4801 4814. doi: 10.1093 eurheartj ehac572. pmid: 36302460; pmcid: pmc9726449. rafiei h, omidian k, myette c té é, little jp. metabolic effect of breaking up prolonged sitting with stair climbing exercise snacks. med sci sports exerc. 2021 jan;53(1):150 158. doi: 10.1249 mss.0000000000002431. pmid: 32555024. perkin oj, mcguigan pm, stokes ka. exercise snacking to improve muscle function in healthy older adults: a pilot study. j aging res. 2019 oct 3;2019:7516939. doi: 10.1155 2019 7516939. pmid: 31687210; pmcid: pmc6794984. en vitónica no tengo tiempo de entrenar ya no es excusa: así puedes obtener todos los beneficios del ejercicio en apenas unos minutos cada día imágenes fitness revolucionario (facebook), freepik",vitonica,web
"titulo: nueces crujientes a las finas hierbas: receta saludable vegana para el aperitivo o regalar url: los frutos secos son el mejor alimento de despensa o fondo de armario que podemos tener en casa, si optamos por opciones saludables. picoteo, snack o complemento de otros platos, de cara a las navidades podemos además darles un toque especial más festivo y que nos puede servir como detalle para regalar, como es el caso de estas ricas nueces. curiosamente las nueces son el fruto seco que habitualmente se consume siempre en crudo, recién abiertas de su cáscara. también podemos tomar almendras, avellanas o cacahuetes en crudo, pero es cierto que son mucho más ricos tostados, mejor si se hace en casa al momento. en este caso vamos a dar a las nueces un punto crujiente y un sabor distinto combinando una mezcla de finas hierbas mediterráneas y un sustituto vegano del queso parmesano, como el rawmesan. es la opción vegana para que sea apta para todos, pero también indicamos los ingredientes para ovolactovegetarianos o para quienes no tengan necesidades alimentarias especiales. si vamos a usar una alternativa vegana al parmesano podemos comprarla o hacer casero un rawmesan. para la aquafaba, abrir un bote de garbanzos y escurrir todo el líquido usando un colador para separarlo de la legumbre, que guardaremos para otra receta. precalentar el horno a 120 c con calor arriba y abajo y preparar una bandeja grande con papel de hornear. mezclar en un cuenco el rawmesan o queso rallado con las hierbas, el ajo, un poco de sal y pimienta. batir con varillas manuales o eléctricas la aquafaba o las claras de huevo en la cantidad indicada, hasta que espumen y crezcan un poco de volumen. añadir las nueces a la espuma y mezclar bien hasta que se distribuya homogéneamente. echar la mezcla de hierbas y remover con suavidad. distribuir las nueces sobre la bandeja de horno, sin amontonarlas, y tostar durante unos 30 minutos, vigilando que no se quemen. dejar enfriar antes de guardar en un recipiente hermético. dani hierbas de provenza sazonador 140 gr. hoy en amazon 3,93 el precio podría variar. obtenemos comisión por estos enlaces con qué acompañar las nueces a las finas hierbas las nueces crujientes serán un picoteo delicioso en cualquier menú o para tomar a lo largo del día, que también podemos servir con los aperitivos de una ocasión especial o para completar ensaladas. en vitónica nueces y almendras con romero, tomillo, mandarina y limón en vitónica turrón de chocolate y almendras con aceite de oliva: receta saludable para un capricho de navidad",vitonica,web
"titulo: siete alimentos saludables que están listos para picar cuando tengas hambre url: nuestras despensas suelen estar repletas de opciones rápidas para picar y nuestras compras para los picnic suelen ser poco saludables porque no nos hemos dado cuenta de la cantidad de opciones sanas que existen. estos siete alimentos no necesitan preparación, puedes comerlos de manera instantánea y llevarlos de picnic, al trabajo o donde quieras, por lo que es buena idea tenerlos a mano en tu cocina o en tu mochila. siete alimentos saludables siempre listos para comer avena los copos de avena son una excelente opción para sustituir al pan refinado en los desayunos u otras opciones en la merienda. en apenas unos minutos en el microondas puedes preparar un porridge calentando los copos de avena con leche entera en el microondas, obteniendo así un desayuno lleno de proteína, hidratos y grasas de calidad. yogur entero natural el yogur entero natural es uno de los productos estrella que podemos llevarnos como postre a un picnic, o tomarlo en cualquier lugar y momento. este producto tiene un muy equilibrio de proteínas, grasas y carbohidratos, teniéndolo a mano en la nevera y transportándolo fácilmente al trabajo o donde sea. frutas variadas la fruta es el dulce de la naturaleza y podemos utilizarlo para todos esos momentos en los que queremos picar algo saludable rápido y no sabemos el qué. también cuando vamos de viaje a cualquier lugar y no sabemos bien qué escoger, tomar una fruta de temporada no necesita preparación y podemos transportarla en su propio envase o cáscara. aceite de oliva virgen extra el aceite de oliva virgen extra no es una opción para tomar tal cual, pero sí es la salsa rápida que no necesitamos preparar y que es mucho más saludable que cualquier otra opción como mayonesas y demás salsas preparadas. el aceite de oliva virgen extra puede ser añadido a casi cualquier plato, aportando un toque de sabor extra lleno de salud. frutos secos cuando viajo a cualquier sitio los frutos secos son siempre la opción ganadora por diferentes motivos: están repletos de vitaminas y minerales, además de grasas saludables; vienen en su propia bolsa para llevar en la mochila; y se podrían considerar una comida completa si los acompañamos con un yogur o una fuente rápida de proteína como un bote pequeño de leche entera o queso de calidad. pescado en conserva uno de los momentos críticos del día es cuando llegamos tarde a casa, después de un largo día y tenemos mucha hambre, pero nada de ganas de cocinar. una lata de pescado azul en conserva, como caballa, atún, sardinas, o cualquier otro, te llevará un minuto de preparación y tendrás una excelente fuente de proteína y grasas de calidad sin necesidad de cocinar ni ensuciar nada, pero con todos los beneficios del pescado azul. encurtidos los pepinillos, aceitunas, cebolletas y tantas otras opciones de encurtidos son fuentes de vitaminas y minerales, con muy pocas calorías en la mayoría de casos. en lugar de otros productos ultraprocesados, podemos abrir un bote de alguno de estos encurtidos para picar cuando nos de el hambre, o llevarlo a un picnic o comida de trabajo. en vitónica 11 snacks saludables y fáciles para preparar en minutos en casa imágenes gareth hubbard (unsplash), ambitious studio (unsplash)",vitonica,web
"titulo: tres snacks saludables de mercadona que no pueden faltar en tu despensa según esta nutricionista url: fátima japón es una nutricionista con casi 150.000 seguidores en instagram a los que aconseja sobre alimentos para llevar a cabo un estilo de vida saludable. en uno de sus vídeos propone tres opciones saludables para picar entre horas o para llevarnos fuera de casa y tener a mano para matar el hambre de manera sana. los tres snack saludables que tener en la despensa para picar entre horas cacahuetes tostados 0 sal hacendado cualquier fruto seco natural, sin tostar y sin sal, es una excelente opción para picar entre horas o acompañar nuestras comidas. los cacahuetes, aunque se piense lo contrario, es una legumbre, no un fruto seco, ya que si te fijas están envueltos en una vaina de la que extraemos el fruto. este alimento de la marca hacendado, así como las nueces, anacardos, pistachos, almendras, etc. puede transportarse fácilmente al trabajo o donde sea. además, no requiere ningún tipo de preparación antes de ingerirlo, lo que hace que sea uno de los tres snack saludables que disponemos a la hora de llenar nuestra cesta de la compra. chocolate negro hacendado al 85 el chocolate y el cacao no son lo mismo, pero cuanto mayor sea el porcentaje de cacao del chocolate más se parecerán. el chocolate está fabricado con cacao, azúcar y otros ingredientes, mientras que el cacao es eso: cacao. la mayoría de nutricionistas sitúan en 70 el mínimo de cacao que debe contener un chocolate, pero cuanto más se acerque al 100 , mejor. el cacao cuenta con una larga lista de beneficios para la salud y es útil para acallar el deseo de dulce que aparece de vez en cuando. nada tiene que ver tomar unas onzas de este tipo de chocolate a ingerir bollería o un ultraprocesado, así que es muy buena idea tenerlo a mano. altramuces hacendado el último de los tres alimentos saludables que podemos tomar en cualquier momento son los altramuces. se trata de otra legumbre, por lo que si no comes legumbres en tu dieta, podrás aumentar este grupo de alimentos tomando altramuces y cacahuetes. al igual que los encurtidos como las aceitunas, pepinillos, etc., los altramuces únicamente requieren volcarlos a un pequeño bol y tomarlos como si comiéramos pipas. para esos ratos de sofá en los que estás viendo tu serie favorita y quieres picar algo, los altramuces son una excelente opción mucho más saludables que las palomitas o otros productos poco sanos. en vitónica los trucos de un consultor financiero para ahorrar entre el 30 y el 40 en tu próxima compra de mercadona imágenes joao moura soares (wikimedia commons)",vitonica,web
"mi familia y así se reen por qué salimos de viaje y yo una maleta de chips. sí, bueno, puede ser posible yo, ¿ok? ah, chí, es que no me dios, ya me dios. sí, te acuerdas de mí. y que tú consumas tu propio producto, venden. muchas veces, ¿eh? ¿ah, es que estás supercar y tú? ¿qué quieres todo? o sea, quieres un producto que no tenga tanto proceso, quieres un producto que sea natural, pero quieres un producto que cuesta superbarato. o sea, el otro ales una amiga de que, ¿eh? es que estoy ya real, mamón. ya puedo tocar mi sueño. ya está. bienvenidos otra vez aquí con nosotros en el tercer episodio de la segunda temporada. estamos súper felices de tenerlos aquí. este, como saben, pues bueno, preparé un café, un drink, algo para que nos acompañen en este nuevo episodio. y pues, bueno, ¿por qué ayoramos? ahora reímos. yo soy brenda espinosa. yo soy seraphina uriarte. y esto es serasa. alguien lo invitado, hay muchas gracias por acompañarnos, primero que nada, pati. tenemos a patricia barba. soy la directora general de sanati, marca mexicana que nació hace 8 años con una misión muy clara. crear es nags deliciosos, saludables y con un toco de amor familiar. vamos a aprender de el cómo pasar de un sueño entre hermanos a mandar tus productos hasta francia. ¡uuuu! ¡aquí es la legancia de francia! ¡la legancia de francia! ¿qué es suerte? sí, sí, suerte de en tu ruta. no soy un poncho para que no le daño. no, por el nervioso. láganlo, no te chingo, verdad. sí, sí. bueno, muchísimas gracias, pati, por estar aquí en este podcast. la verdad es que la conocemos es nuestra amiga, pero aparte, pues, bueno, creemos que es un ejemplo para aprenderle mucho de ella de lo que ha hecho hasta hoy. y, pues, bueno, como saben, es que esto que el otro, salud. salud. salud. salud. salud. salute. no, a ver, en francia, en francia, como se dice. ahí no sé. en aleman. no me quise ver ignorante. en aleman post. es que habla aleman también, tu día. post. y bueno, como saben, estamos en las instalaciones de bgm, arquitectos. entonces, les vamos a pasar por ahí un videíte para que puedan todo lo que hacen y ya saben. correle de ahí, roy. cuando empecé eso, lo tenía mi laptop, mi celular y muchas ganas de crear. en tepetate, no le tenemos miedo experimentar. no sólo hacemos arquitectura, hacemos espacios habitables. cada proyecto es distinto y es buena oportunidad para explorar, conceptualizar y crear cosas increíbles. va, pues, ahora pasamos a la sección de la historia donde conocemos un poquito más a profundidad, pues, tal cual la historia que impende comida. pero, ¿cómo se llama esta? aquí nada es mentira, ¿sabas? aquí ya. conozcemos la historia del invitado, este, ¿cómo ha sido la trayectoria y el proceso que lo había vado? pues sí, ahora sí que, a crecer en su de un prendimiento, no? entonces, si nos puedes platicar un poquito como un peso sanati, ¿cómo fue todo el proceso? ¿has emprendido antes de sanati o no? no, así es de que realmente como sanati, no. es mi primer emprendimiento, o real. no, que es mi primer emprendimiento. pues, a ver, empezó hace ocho años y uno de mis hermanos juan diego fue el que se hace el coymedico de que, voy a ver esta idea. quieres entrarle y yo de que, ok, pero al principio solamente estaba pensado que lo hicieramos por ocho meses, porque después de esos ocho meses, yo me iba a ir a vivir a alemania. pero el ingresismo, pero ocho meses, solo como para no irme yo en cero de dinero y ya, ella me dijo de que, ok, va, perfecto. entonces, empezamos, porque a parte fuimos de los primeros con esto, sino que los primeros en aguasgaria antes de finitiamente es la república. o sea, con la chips, con producir chips que eran hechas a base de verdura, específicamente gícama, camote y betaver. fue con los primeros con los queristas. qué muy buenas oiganes. sí, la verdad es que no se siente como que sea... o sea, luego hay que ser chips que... a ver si es que está muy de eso. justamente era lo que no queríamos. estamos acostumbrados a que los productos healthy son feos, desabridos. entonces, con la idea de comenzar con esto, fue justo el poder ofrecer un producto que es bueno que aporta algo al orgánismo y además, pues que no es dañino. sí, claro. estás comiendo algo como un ganar ganar y que lo que estábamos con la neta. y que lo disfruta. es que es horrible que cuando estás cuidando tu alimentación de que te comen a ser algo desabrido, lo que es la que está ultra mega procesado para poder llegar a ser la it, para poder llegar a que tenga 10 calorías. y la verdad es que la chica se encuentra que unas abritas, o sea, no te sabe el garnacho. o sea, te sabe el sabor de las papitas que las disfrutes. exacto. o sea, no te sabe abril, no te sabe abril. me tocó jamón, te no te sabe, justo. sí, justo, o sea, no te sabe que ha desabrido si no te sabe algo delicioso que disfrutas. sí, claro. no, entonces me dijo que, ok, y empezamos, entonces empezamos a ver que la verdad está teniendo mucho éxito. entonces fue cuando dije, no, pues, a dónde voy. y cómo empezaron, o sea, o sea, empezó a tener mucho éxito, pero cómo empezaron en una air frayer, o sea, cómo empezaron la producción? o sea, la producción empezamos, todo fue mi hermano, o sea, como que él fue el que se encargo de todo eso, y yo solamente me encargaba de la distribución. entonces, o sea, como que empezamos en pequeño, y ya después fue que comenzó como él volumen. o sea, literalmente, la primera, el primer lugar en el que vendimos, me acuerdo que tuve que rogarla a la señora donde las veíamos. porque por favor, y le lleve como 10 bolsas. yo le juro que van a ser un éxito. y a las dos días, la lleve que 50. y así, entonces, como que fue subiendo. ah, ah, ah. la como que no creía, pero de verdad, él, o sea, la reacción de la gente fue inmediata y muy buena. y ya después de eso, mi hermana, que vi benchoyade, méxico, dijo que ahí pues las empiezo a vender acá. tengo una amiga que es nutróloga, y está en un lugar que a la fecha, todavía seguimos vendiendo con esa nutróloga que es excelente. y de ahí, como que después llegó otra persona que las vió y que quiso ser distribuidor, entonces, como que empezamos a crecer en ciudad de méxico, entonces, yo con un punto en que dije, ¿a dónde voy? aquí está lo que quiero ser. aquí está el sueño que siempre he querido, que justamente yo desde chiquita había soñado con su área empresaria. ¿ah, no está? sí. ¿ah, qué cool? me abuelo la verdad. me abuelo paterno. fue un muy buen empresario aquí en la ciudad de aguas calientes. entonces, yo la han de dije, siempre lo veía yo decía. como espiracional. y yo sé que no mancha, es que yo ser como él, quiero tener mi propia empresa y que os en mi propia jefá. ten mi propia tiempo. ten mi propia tiempo y por el par de ya no te coba. y a mi casa no existe. no, no tienes tiempo para la verdad. no, no, no. a ver, pero es parte de... o sea, sí, si, si, si a más lo disfruta. oye, y por ejemplo, con tu hermano, o sea, tienen roles, ¿no? tú te dedicas a vender tu hermano, te dedica al tema producción. o sea, como que hay estos roles dentro de eso. o sea, ahorita producción ya no nos encargarámosnosotras. ya tenemos alguien que hace producción, porque la verdad es que no nos damos a basto con la producción. entonces, como que se subcontra todo eso. pero ahora mi hermano ya no es mi socio. mi hermano le dio toda su sociedad. o sea, todo lo que él de él se lo dio a mi mamá. entonces, ahora mi socio ya es mi mamá. fue. y ya no te fuese ir a ver si perdón. no, no, no. es que no más quiero entender. y regresando un poquito en el tiempo, ya no te fuiste a la mania. no, hable a la mania y a la empresa donde... o sea, ya tenía chamba y ahí todos. ah, ¿deos ir a chamba y ahí? no, o sea, yo ya me iba a vivir, ya tenía bueno, ya tenía chamba y ya tenía toque. ah, sí. ah, ok. y hable a la empresa. y a les dije que no, pues la verdad es que sí quiero emprender, quiero comenzar algo aquí, quiero ver qué tal funciona. y el dueño me dijo que no te preocupes. tú intenta lo y si no funciona, te vienes. y yo, ok. voy a ir a la mania. no, ¿qué padre que tengas esta seguridad de que, bueno, si no funcionan, tengo un futuro en alemania? pues, o sea, no me voy al vacío. o sea, no es como que no tenga otra opción. a ver, cuando vas a ventarte algo, no puedes a ventarte, como dicen, sin paracaídas, ¿no? o sea, siempre que vas a... vas a... sí, la verdad. más que si no hacemos la verdad, vas a otros sin paracaídas. pero luego tienes estas elecciones que dices. a premulizar. exacto. a ver, no, yo no soy así. nunca, o sea, nunca me voy a ventar algo sino tengo algo que me estás pecul, un respaldo o algo de caer. claro, totalmente. o sea, a ver, por ejemplo, actualmente, claro que cuando yo empecé con esto, no era mi única chamba. y no ha sido, al día de hoy, mi único ingreso. ok. tengo una chamba fija que es de 7 de la mañana, a 3 de la tarde. y para el hilo, voy llevando sanatino. entonces, yo sé que si en algún momento sanatino, sentó este proceso que ha crecido, no me da económicamente para poder solventar mis gastos, tengo este plan, otro plan que es la abresa o sea. exacto. entonces, hay algo fijo que vas a aportar esto que en un principio fue como un sueño que ahorita ya es algo muy real, muy tangible, pero aún así siempre tengo eso. o sea, no soy de esas personas que se abiente y dice, a ver cómo funciona. no, no, no. no va a ventar, pero esto ya agarras. no dices, se va. no dices, se va. no dices, se va. no dices, se va. es que yo. o sea, ya. sí, totalmente. pero yo se pregunta, no tú. este, no, no, no, no. querías saber también un poquito el contexto de cómo había sido. y ahora que se unió tu mamá, que ya ya como reparten esos roles o cómo si está parte que ha sido familiar, o sea, que son familias. primero a tu hermano, luego tu mamá. pero cómo ha hecho esta conviviencia, vuestra sin herge, o sea, agarrar a ella o cómo ha sido, cómo ha hecho. no, a ver, la verdad es que mi demás, una persona, es un presentada. y muy, o sea, si yo soy movida, o sea, ella se lo aprendí de ella totalmente. entonces ella es como muy centrada decir, a ver, que vamos a hacer. vamos a hacer esto. ok, entonces hay que hacerlo así. entonces, como que entre las dos nos complementamos mucho de ahí. si lo hacemos de esta manera y la agregamos esto y otro, somos hecho una sinergia muy padre. ahora todavía, como que los papeles no están tan definidos, porque como que está ella entrando ahorita la empresa del caber, como y no separando. tiene poco o sea, tiene que que. tiene seis meses. ah, sí, es super reciente. es super reciente. pero sé que luego lo otro hermano dijo, ¿sabes que? pues ya tú sigue la inmima, mamá. y pero hace años. no, es super reciente. no, no, no. o sea, mi hermano duro años siendo mis socios. y esto es super reciente que dijo. oye, no hay fricciones en tu familia de que o que, o sea, fricciones contra hermano o arofricciones con tu mamá. ¿cómo llevas? o sea, el trabajo que no lo llevas. ¿cómo no lo llevas? no lo llevas a la casa. poder separar, bueno, estos trabajos, estos familia. no sé cómo. la verdad. pero sea logrado de una manera impresionante. por ejemplo, con mi hermana, que les digo que ella distribuía en méxico, tenemos que dos grupos. uno es nuestra conversación como hermana. ok. y el otro es de la encanto. pero ¿qué es eso? ¿qué o sea, de verdad? puede ser que en un grupo, no estamos agarrando de que es que no hiciste esto, pero lo hablaba. y en el otro de que el amor infeito. te amor a la hermana. y ya lo como hermana. y acá te te compensa. sí, en que el grupo de que te ha pasado esto, le deves esto a sanati así de que en el otro de que, oh, y sí, compramos esto. es un da. si no, te dimos esta blusa. porque es super fragmentado. es una blusa. ya te lo pongo. me atimes ahorita. abrita la de sanati. ok, ¿qué pasó? sí, o sea, y por eso, y justo siempre hemos dicho con mi mamá igual, ¿no? o sea, el grupo de... bueno, el chat de yenio y el chat de la empresa, y no sé cómo, creo que ha sido parte muy madura de todos, de aprender a separar... sí, porque sí, sí, no. de aprender a separarlo y con mi hermano igual. o sea, si eran comidas familiares y tenemos que tocar algún tema, o sea, era de que no es tema. ahorita. y no era tema. ahora te la disfrutan. como la comida y ya después lo vemos. claro, nos hablamos después. o con mi mamá igual, de que haber llegó la noche y nos sentamos a platicarlo y se platica y se acabó. sí. y cuando son otros temas como que, o sea, así. y la verdad es que yo tengo una relación muy buena con mi mamá. o sea, la verdad es que... y ha sido que la de... sí, sí, o sea... y con mi hermano también la tengo. pero como que hablando ahora de mi mamá, que es mi sociedad, tenemos una relación muy buena, somos muy parecidas, somos muy cambiadoras y extremadamente movidas activas. entonces, como que hemos compaginado bien. y tu mamá ya me han prendido antes o trabaja antes o... sí, sí, sí, mi mamá tiene desde hace 25 años una guardería. entonces, la verdad es una... y de joven, por ejemplo, tuvo un puesto de hamburguesa así. entonces, mi mamá es un mamá muy por sí. sí, la verdad, mi mamá nada se la torra. entonces, como que yo la veo a ella y le ha fretyado tanto ahí de que aquí nada se atora y todo se soluciona. entonces... totalmente. oye, a ver, y o sea, conforme la crearon. o sea, ahorita ya llevan ocho años con esto. este... cúmur le hicieron porque ahorita ya están en varios estados, y también nos habías comentado previamente que hasta francia han mandado ahora. entonces, ¿cómo han hecho este proceso o cómo han logrado diversificar en lugares sin que se les salga de las manos y también, pues, mandaron o digo otro, en qué periodo logrado lo neso, cómo fue? o sea, ver todos los puntos de venta, otras partes de la república ha sido redes sociales. o sea, por medio de redes sociales, que la gente nos ha contactado y quiero vender acá o ya acá. o sea, literalmente ha sido por medio de redes. y tipo, francia, si fue un contacto que teníamos, que... bueno, que... sí. pues sí, la verdad. a ver, ¿qué también es? y en este mundo se trata de contactos. si tienes un contacto, veas obviamente... a usar ese contacto y que si es un ganar ganar, como siempre lo hemos dicho, y pues, poder exportar tu producto que padrísimo. sí. un contacto y literalmente como que hay siempre platicado. o sea, estúbimos platicando. oye, a ver, pues, está la opción de francia, pero lo padrés que estos no se quedan en francia si no se van a ir a unos cruceros. ok. exacto. ¿a suena que le daba tanto? no te he tocado. no te he tocado. o sea, se cuenta que esta chava, eso se dedica a exportarnos. entonces, lo más para que se aquí le venden producto y hayas encargo de todo. sí, de venderlo, distribuirlo, como ha hablo. ah, exacto, de ya acomodarlo. entonces, se va justo a unas navieras. oye, ¿cuál es, no sé, eso sí, no sé? sí, ok, ok. ah, sí. y por ejemplo, dándonos un poquito más de contextos a como más aterrizado, tipo. empiezas a vender en ciudad de méxico. ¿cómo es la transición hasta que, por ejemplo, a datas también venden en aeropuertos? sí. entonces, ¿cuál es la transición de vender en ciudad de méxico? y luego en otros estados. y luego también el tema de cómo entras a los aeropuertos. y al final, si no puedes contárdigos, es que es mucha información. sí, pero ya después contarnos también cuál fue el proceso de exportarnos. que me imagino que hay todo un proceso para poder. yo no te exportar, yo ni sé nada más que vender el producto. ahí sí. se encargaba la chava. todo se encargó la chava. sí, sí. y se cofe, pristo. eso no. o sea, nosotros tenemos los certificados. pero de ahí en más todo lo que se necesitaba ella de papelegó así. la contrató. lo hizo. pues ella, o sea, el contacto que tenía, o sea, entre yo y yo, como que estuvimos mandando, o sea, por ejemplo, le tenía que mandar todos los estudios, que se le tienen que hacer el producto físico. ah, ok. sí. o sea, todo eso yo se los mandé. y o sea, como la información del producto en ci, certificados y demás, ella se encargaba de todo lo demás. ah, ok. o sea, es que la verdad es que exportar esto en un show. sí. me acaba clasco. me acaba clasco. como para estados unidos, todo en show. entonces, si hay personas especialistas en eso, que hacen eso todos los días, no te lo compliquen. sí, de legal. o sea, la neta. exacto. exacto. o sea, porque te vas a romper la cabeza en hacer algo que alguien pueda hacer por ti. claro. más rápido y tú te enfocas en lo que tú puedes hacer. y ella se convirtió como en tu clienta, ¿no? o sea, el clienta. exacto. o sea, exactamente. exacto. está súper bien, la verdad. más caramoso. la raste todo el pedo. y cómo entras, entonces en este caso, ahora, de llegar a aeropuertos. también fue un contacto. está muy bien. viva los contactos. no, pues sí, es que es súper mal, la neta. un tiempo, nosotros vendimos también unas gomitas saludables. ah, ok. la persona que no las producía, porque así tiene que ser alguien más por el tipo de goma, que era una goma vegetal que utilizábamos. en nosotros en ciudad de méxico, le vendemos a muchos judíos. entonces, los judíos tienen muchas restricciones por el coche. entonces, quisimos hacer estas gomitas, como lo más veganas, coche posible. ya. entonces, esta persona que no las producía, venden el aeropuerto. entonces, cuando yo viste a sus gomitas, dijiste a poco no. y yo, ¿cómo ya puedes pasar a mi contacto? me lo mandó y ya. ¿y listo? oye, pues la verdad que paré. sí, la verdad. o sea, porque luego también... porque muchas veces tienes, pues, justo, tienes esta red de limita, sino la provechas, ¿no? a ver, tienes que estar en todo. o sea, yo les digo que cuando emprende si es este tipo de emprendimientos, a donde se ha que vayas, estás haciendo un estudio en mercado. está cabrón. o sea, yo al lugar al que entro, veo que hay chips. ok. de productos. o sea, ¿qué está vendiendo? cuando entiendo a doctor mendes. yo quisiera entrar a los aeropuertos, porque una vez que llegué, no vi nada similar. sí. sabes? no había ni un producto similar, nada. y dije, es mi momento. tengo que entrar. entonces, fue cuando... cuando. o sea, como que todos se funyendo, viste los productos de las gomitas, describíos, a el contacto, y ya se logró, y ya estamos dentro. o sea, ya vamos a cumplir. creo que un año, año y medio, vendiendo en aeropuertos. entonces, eso, o sea, tienes que... o sea, si tú quieres lograr o crecer, tienes que buscar siempre eso más. o sea, tienes que estar siempre activo, pendiente de... ¿dónde no hay? ¿dónde puedo seguir? ¿dónde... ¿por qué no es oportunidad? ¿por qué no es oportunidad? ¿dónde está la demanda? pero nadie... o sea, hay una demanda como tal. por ejemplo, en aeropuerto, porque, claramente, la mayoría de la gente va a comprar chips, va a comprar en lo que hace la escala. pero justamente, no está cubierto esta demanda, que esas personas, gerti, que se alimentan con cierta restricción, y pueden encontrar estas chips, pues, es una delicia, que pueden no como... sí, o sea, no hacer la dieta, sino si cumplirla, seguirla cumpliendo y sano, ¿no? habrá algo que es súper importante. o sea, ahorita que dice la dieta, es justo eso es lo que por ejemplo nosotros intentamos. nuestra misiones hacer que la gente camise chip, de decir, ¡oh, estoy comiendo algo por cierta! ¿y si es el consejo? ¿qué le hace bien a mi cuerpo? exacto. mamón, dejar de pensar que voy, me voy a comer ese brownie que dice que tienes 10 calorías. sí voy, pero ¿cómo lograste que tuveras 10 calorías? ¿cómo te hago algo que tiene igual y más calorías? porque estoy siendo bueno para tu cuerpo. sí, no claro. sabéis eso, porque la gente es como no engorda, ¿verdad? y yo, ¿eh? la lechuga dice eso. ¿por no decirlo así? no le puedo responder a la vida. sí, no, sí. pero a ver, ¿cómo es? o sea, ¿cómo es? no, no, no. pero... sí, no, pero... no, a ver, pero es como... o sea, la lechuga en exesón gorda. punto. sabéis, es eso... si, o sea, todo engorda. si, nos vamos a esa, es el agua que ha tengorda. es que... muchísimas de las disfrutas engordan. pero solamente el hígico como que algo... o sea, cambiar el chip, en vez de que engorda que me nutra. exacto, justo. y digo, ¿me ha ver? no son mágicas. sí, no. nada es nada. no, pero... pero, ¿cómo es? pero, ¿cómo es? tiene que... esa es la mesa, ¿verdad? o sea, el hecho de hacer ejercicios, o sea, el hecho de que... o sea, si hay coca lite, pero no porque hay acoca lite, entonces ya si la tomas vas a bajar 5 kilos. o sea, bien, no es más que... o sea, hacer ejercicio y demás. pero también que padre poderte comer unas papas como sabiendo que son buenas y nutritivas y no unas papas comercieras. que nos sientas el pecado, ¿verdad? es justo. lo que yo creo que, justo, comparto mucho la idea de eso. yo también estoy en contra como la palabra, que es como se utiliza la palabra dieta. porque al final de cuentas, todas son dietas. buenas o malas. entonces, al final de cuentas, ¿ok, mejor modifica la forma o los alimentos que consumes? pues procura que te hagan bien, o sea... que al final de cuentas se ve reflejó en muchas cosas. si tú estás bien, pues, de ver muchas cosas más, ¿no? ¿tú te termino? si estás mal, o sea, evidentemente pues te vas a desgastar mucho en tu salud o sea, vas a deteriorar muchas cosas que a la larga no te hagan. a ver, y todo en esta vida es un balance. sí, por supuesto. o sea, de verdad hay que encontrar un balance en alimentación, en trabajo, en todo. o sea, no te puedes ir a los extremos en nada. en nada, sí. ¿tú estamos desable? sí, no todo el exceso se vuelve malo. oye, algo bien específico que tengo duda es porque tú muy fiques el empaque, ¿no? creo que no es 23. ¿cómo es este proceso? o sea, o qué te piden... yo soy ignorante totalmente en empaque, o sea, no tengo idea. pero es más interesante como saber qué proceso hay que llevar, o qué haces para cambiar tu empaque, o qué te piden o qué te exigen. o sea, a ver, todo depende de dónde quieras vender chips. o sea, si yo quería entrar, por ejemplo, en aeropuertos, exportar otros puntos de venta, en los que te piden una vida en anaquel más larga, es donde tienes que cambiar tu empaque. o sea, si tú prevas un producto, el que sea, sin conservadores en una bolsa de celofan o con conservadores, te vas a ver muy diferente a uno que estuvo dentro de una bolsa metalizada. sí. ¿por qué las bolsas de celofan respiran? sí, están albacionas de venta. exacto. y las otras, entonces, el producto se conserva mejor. entonces, no te piden... o sea, ver, tu marca no te... a mí no me exigía. si yo quería seguir vendiendo entiendas locales, podría haberme quedado todavía con celofan. pero como yo quería crecer, yo quería llegar a otros puntos, en el que me piden una anaquel, una bien anaquel más largo, fue lo que me orió o llevó a este siguiente paso de cambiar el empaque. no, a partir de esas abarcando tanto las empresas grandes, como aeropuertos, como exportación. y también estás cubriéndote en el tema de los puntos de venta locales. o sea, estás matando como dos pájaros de un tiro, por ejemplo. si la papá se conserba más, lo mejor no sé. en otros puntos de ventas que tengas aquí localmente y que no se ha vendido hoy, pero no es como que hay, no. y es que entonces el conservador, o sea, como que... si estoy yo que matas dos pájaros de un tiro, tanto por exportar como para aeropuertos como por local. ya cambiaste todos sus productos de desempaque. no. a ver, ¿qué pasó? si es una friega, ¿no? china. yo soy chinga. no, a ver, es que sí lo fue. porque ahí les va. teníamos mucho tiempo con la bolsa de celofanjo. de celofanjo. o sea, cuando cambiamos a la metalizada, yo creo que es que estermosa a todo mundo le ven cantando. que es un bolsa de metal. pero ya ve identificado, ¿no? sí. y no ven el producto. claro. y la que te quiere ver el producto. y eso también, verdad, o sea. y si vos las chingas dentro. yo no sabía que te consumía hasta que luego superguerra tu marca proyo, consumía. yo consumía. sí, sí, pues yo consumía una fortaria. o sea, y luego a la gente nos gustó. y el primer, o sea, el primer lote que pedimos, por aquí tengo que tener una foto. el primer lote que pedimos, un chingo, o sea, yo... porque antes estamos en una cochera, o sea, mi cochera. y, ¿le verdad, será un millón de cajas y yo estaba supecante? es tu me encanta, porque luego tomo un lote. ah, tienes unas bodegas, y todo. no, no tengo bodegas. o sea, empiezas en la cochera. en mi casa. y luego aparte también, no acuerdo que... o sea, tipo... ah, estoy con su nombre. ¿qué aprendes? y que tu mamá, ya me das mi cochera. ya me das el bolivete. ¡muchas cheras! o sea, nunca fue como de hoy o sea, nada ni me cobraron. bueno, pero nunca... no sé. a ver, nunca. déjenme buscar foto. pero ni traje de ser muy pasillos. y yo... yo no lo más bonito que te acuey. ya seré el otro paquillo. yo no me desviaba. que pienses que es grande, no? no me desviaba. no me desviaba. no me desviaba. no nos encuentra. pero si no le dejamos la foto aquí para que la vean de cómo se ve. yo me sentí insoportable. o sea, de verdad, cuando bajó de que todo ese camión con seis estetarimas... y yo... y lo llegaba. ¿patriz? sí, yo. y la socoporte. o sea, yo estaba de que guapo, que hermoso. bueno, pues no se vendieron. oye. pero, pues es cuando disinimado, ¿qué vas a hacer? y ya con eso que no se estaba vendiendo justo, llegó el momento como que hicimos que hacemos. hay que colocarles por que se les sacaba la vida. es justo, estaba por llegar el maratón de aquí de aguascalientes. ¿al maratón fue de alupano? no, el aguascaliente. ay, ay, ay, ay, ay. el... si, al completo. si, si, si, si, si, si, el real. el real. y por un contacto conseguimos de que la persona yo... oye, te patrocino con producto. aba. ay, oye. entonces, metimos que eso hace como dos años, si dos años, todo los quites, una chica de sanati. o sea, acaba de carregar. bueno, entonces, ¿anati? ¿dónde? no, en dentro del kit venían una chica. abás por tu número y te dan las sanatí. ya, entonces, ¿dónde vieron tu playera y todo? como de lo que pean los patrocitos de la chica. y yo no soy maratónista, perdón. no dice que el playa no es de ese. ¿sacó cuando vas a correr? te traen un kit. te traen un kit. vienes tu playera y vienes de la tu número. y además, algunos regalos de los patrocinadores. ¿o qué? entonces, ¿un regalos? yo no sé lo que sean. ah, sí. nosotros solo... o sea, sí, dieron las chips. sí, sí, o bueno. en modo, esas chips que no se vendieron, terminaron siendo como publicidad. sí. pero esa es super bien, porque obviamente si te las regalan, te las coméis. o, bueno, yo... claro que me da como... no, que también te detenerlas ahí. ah, que cool. saben ricas. y ya empiezas a buscar sanati, donde se venden y sabes totalmente. o sea, la verdad es que es super bien. y aparte, es un costo, no les hay guardas. mira, bien, aquí está. o sea, era de que pasillos, ¿sabes? ah, súper guapa. ah, sí, bien, feliz. ah, sí, no te permito la compartimos. sí, obvio. sí, manda, verdad. y la ponemos aquí. no, yo te dará la raya. y que es. es una feliz, porque ya de que igual. tú, yo tengo una almacén de sanati. eso es que no entiendes. sí. mícuchera. no entiendes la vibra. no, yo te... no, y a ver, la verdad, pero... pues son cosas que aprendes. o sea, si no te equivocas, no vas a aprender. y no, totalmente. oye, y te podían como que mínimo tantas sanatis para entregar telas con el nuevo empaque. sí. o como tú dijiste, pues, compro tantas, o sea. sí, no, sí te pedían. o sea, la empresa que lo hacía, te lo pedían. pero llegó un punto en el que... o sea, ver, no fue o no ha sido a la fecha tan fácil a comodar esta nueva bolsa. hay muchos puntos que sí inquiriendo la exelo fan. entonces están amas. o sea, ahorita en el mercado tenemos amas. obviamente, si mandamos fuera de la república, solo es la metalizada. pues sí, claro. porque yo voy a asegurar que la persona recibe un producto... que... bueno. ...sigue estando bueno. o sea, no crees que el ofan no está bueno, sí? no, no, claro. pero que si la persona lo quiere consumir en una mes, demás, vas a seguir consumiendo algo completo... esas. una mes. no sabes, muy normal, o que sí... vas a seguir un poco sin parar. te vas a asegurar que sea un buen producto, y sobre todo, porque también hay esta imagen, ¿no? de la marca, entonces. sí. super importante. ¿oye, tienen como página web? solo instagram. está en proceso en la página web. está también padre como tener la página web, o sea, que también puedes periar como tu espacueto que te parece. sí. oye, nos he pensado cómo estar dentro. yo he preguntado aquí, ¿verdad? en retail, lo sa tipo... pues no en retail, no, a lo mejor no per... osa, costco, sam. y están en ese proceso y lo también te piden varias cosas, ¿no? chorro. a ver, claro que sí. obviamente siento que en cualquier empresario joven que quieras... aspirar eso, ¿no? pida a un costco. claro, sam. eso es siento como que llegar a costco que... o sea, solo te aligas. sí, costco, ¿verdad? sí, por supuesto. sí, no, totalmente, o sea. pero costco tiene unos requerimientos por algo de lo que es, ¿no? tiene unos requerimientos muy específicos. eto es claro que está en nuestros planes, claro que hay por ahí. vamos a más allá. o sea, ya toco, ya se afuerta. sí, ya te dije, ¿cómo más o menos que tiene que tener? exacto. oye, en estados unidos que es un consumista... o sea, sí. o sea, la verdad, increíble que te puede consumir lo que tres veces méxico. como, o sea, porque es más curioso, digo, no sé si ya exportan a estados unidos. porque sea, sea, me hace curioso que exporten a francia. es que es más fácil. estados unidos para leer los ojos. es un poco más difícil. ah, bueno, es que sí le pregamos. se ha, por ejemplo, a ver, hay que pensar que las chips que tenemos, que son tipo la de... o cualquier chip que tú exporte, que tú quieras poner, por ejemplo, en el fda, tienes que fijarte que tus ingredientes también estén certificados. sí. entonces, el polvito de la sal que yo voy a utilizar, no, o sea, tiene que ser una sal, que esté certificado. sí, claro. o el polvito de limón, tiene que ser un polvito de limón. se certificado. es una manero. el polvito de la manera. justo. el pléminjo, igual, y sobre todo más, por el... químicos. el químico del rojo. el rojo. que ahora está como súper regulado. te matizado, sí. ah, sí. entonces, ¿saben qué es sórbilo? o sea, no es tan sencillo. si fuera sencillo. ya estaré, no hay. sí, yo, gramos, todavía, ya se mucho. no, no. o sea, como que, todos por pasos, no te puedes atravancar y hacer todo rápido. me tienes que ir paso a paso y decir, como, a ver, si hemos logrado muchas cosas, y ahí vamos. claro, obviamente. y amazon, por ejemplo, tipo amazon, o así, no se venda tanto comida, ¿verdad? pues sí. sí, por favor. o sea, sí se vende, pero no lo... o sea, como que, esa puerta no le me va a quedar. no, no la he tomado. no sé, es lo que he ido a. ok, y va. sí, es que yo desconozco en el tema, o sea, como tal, procesos y demás, estoy familiarizada, pero como tal... de calimentos. alimentos, pero, sobre todo, como medios de canales de venta, saque... aladis, distribución. de canales de distribución, exactamente. oye, pues no, que interesante. y ahorita, por ejemplo, cuantas papás tienen, cuántos, o sea, cuál es la diversidad? ¿qué flamenco? de producto. de productos. o sea, tengo las papás, tal, tal, tal, tal, tal. y si tienes, aparte de papás, otro de snack. no, solamente son chips. y tenemos... a ver, sabores. o sea, es gica malimunizal, gica malovada, gica malflamingo, gica maljala peña. a lo momento, es un antagalba, gica. ya se, ya se. ya se, el puro también estudios, como en un curso de las tuvemos. pronto, la tentada. primero hice más. ya vamos a consumer y la se le di. claro, vamos. cada vez, es el frata. es que le damos, por instagram, buenas, se nos pedidos ahí. sí, sí, sí. no. gica, masachas, negras. aha. papi, no, limonizar, pepini, fleminghot, coliflor, que son deliciosas. cambote, adobado y vetabladual. oye, no, si tienen un buen de sabor. y también varias. varias. y todas esas cosas. y por ejemplo, ya por último, los anero puertos y exportar. ella exportan todos los sabores. no solamente, déjica más, solamente tres sabores, pepinos y coliflor. son los sonicos. pepinos. ajá, los demás, hace segunda que jala peño y salsa, negras, son como los nuevos lanzamientos. ok. y esas todavía están como en prueba. sí. para después ya poderlo pasar a lo otro. ok. la misma. oye, no más así. a través de este tiempo, has pensado alguna vez como en rendirte, es que se lo van a decir que puta ya. a ver, oye, ayer. ayer. no me decís que como lees esa respuesta. sí, es que no, pero no más. es un hilo. oye, no, chavo. sí, claro. sí, totalmente. ¿ajústua que venía? ¿te acuerdas que te va a morir? ¿no te va a cancelar este episodio? ¿por qué? ¿tibas acabar? sí, pero o sea, ¿por qué o como que? a ver, es que está linta broma. o sea, de verdad, está bien difícil. o sea, no es fácil, porque conforme vas creciendo las responsabilidades de la empresa, van aumentando. sí, claramente. sabes, pues, ¿a tienes sobre tus hombros la responsabilidad de que tiene que salir el sueldo de tu equipo? sí. no, que tiene que salir para la renta, que tiene, o sea, ¿mentienes como todo eso? son gastos fijos. sí. o sea, como que, tipo, ahora compramos hace poquito una máquina que es justo es notificadora y que cierra. entonces, ¿sabes cómo puso esto? pota madre. luego los mantenimientos. ¿cuántos empleados tienes, ahorita? ahora, aquí en agua es dos. o sea, es que la producción no se hace aquí. ok. exacto. pues aquí en agua es dos y mi a medio. bueno, no, ya son tres. no, tres. jusacá, vamos a contratar una más. ah, no, pues está súper bien. sí, la verdad es que, o sea, como que tratamos de simplificar procesos en donde se manufactura y aquí llegan el más como para los que te ha sufrido. oye, no, pues la verdad es que me gusta mucho el emprendimiento de pati, la verdad es que te felicito y la verdad. y es algo que yo creo que la varias marcas han hecho, o sea, el tema de las papas, pero no como tú, al darle al gran o no sé cómo, al punto exacto donde tu papa es, gelsi, es sana y aparte tiene un sabor rico. de verdad, por ahí ven las cosas. por nada, pero no está también bueno. sí, o sea, no. tú crees que estás comiendo unas sabaneras, o sea, no sé algo así. y la verdad es que no pierde la esencia de la papa. o sea, que es lo que te gusta comer, o sea, te disfrutas comer, ¿no? o sea, la verdad es que es súper bien. vamos a esta sección de mitos y realidades. y, pues, bueno, ya tú nos dirás si es mito o es realidad en base a lo que has tenido experiencia hasta ahorita. y la primera, empiezo yo, lo saludable es más calo. lo saludable. ya me contagió para ti. tú me llamo que es. no me quino que una vez. lo saludable es más calo. en comparación a que? o sea, por ejemplo, ¿tú crees que es comer sano? es más calo que no comer sano? pues, pues sí. o sea, ver, te pregunto como comparación a que, porque muchas veces, ¿eh? ¿ah, es que estás súper calo y tú? ¿qué quieres todo? o sea, quieres un producto que no tenga tanto proceso, quieres un producto que sea natural, pero quieres un producto que cuesta súper barato. es complicado. sí. y, por ejemplo, se le va porque el proceso de producciones diferentes, el producto totalmente fuz de fast food, ¿sabé? y como la capitalización de mercado, no como no es algo que esté como tan masivo todavía. o sea, los cosas todavía no disminuviven. y por el volumen, no es también... vero, yo no estoy a favor de esa afirmación. ¿por qué? o sea, bueno, este es mi opinión, ¿no? está en el muy externo. lo comparamos, ¿no? sin honestos. o sea, ¿por qué? o sea, yo creo que lo saludable, la inversión es más alta, pero es una inversión. o sea, cuando consumes cosas que no son saludables, a la larga se deteriora tu salud, ¿no? y eventualmente gastas más en doctores, gastas más en... pues sí, en recuperarte, medicamento, en estar bien. totalmente. yo creo que es una carrera, la larga. o sea, la larga eso te termina costando mucho más. quedarte... pues sí, eso es consumir productos que te han... sí, te termino. o sea, y que no te vayan a ocasionar, x en enfermedad, a largo plazo. y por eso, yo creo que es más... es una mejor inversión gastar en productos saludables que en comida, chatarro. oye, yo una pregunta, tipo, o sea, en unas papas convencionales a las tuyas, hay mucha diferencia de precio. pues ya no tanto, eh. es que eso también es muy bueno, y lo quiero mencionar aquí. porque... o sea, si estás viendo que hay unas papas, y que no son... y que son... o sea, del precio parecido. y lo haja. sobriamente vas a consumir al gozano, y que también me gusta mucho recalcar lo ahorita, porque también, pues, te cuesta dos, tres pesos más. por decir un ejemplo, no sé. este... por la invierte los dos tres pesos, y no te sientes, o sea, mal de estar comiendo un té unas papas a gusto, ¿no? sí, por cierto. ya ver, y depende muchísimo de cuál sea tu finalidad, ¿no? o sea, si tú y yo se se quedaberno, pues, la verdad es que yo no quiero consumir una chips que me cuesta en 50, 60 pesos, la neta prefiero, consumir unos doritos que me van a costar menos, pero, bueno, o sea, creo que depende mucho. por eso te decía como en comparación a qué o quién lo dice, ¿no? o sea, depende mucho de la visión de cada persona. o sea, como se sabe, para mí es una inversión. pero tú lo dices así, ¿por qué? porque tú cuidas tu alimentación y cuidas tu salud. o sea, es ejercicio, porque si haces, ¿verdad? sí. no me ves. no, no, no, no. es pa de... pero lo haces, entonces tú lo ves de esa manera, pero una persona que no le importa y que no lo cuida, pues no va a invertir en eso. claro. lo va a ver como un gasto y no como una inversión. y la cultura en méxico, como la vez. o sea, al final del lete está lleno bien, y eso me da gusto porque sí hay cierta cultura. no, demasiado. es esta padre, porque también, pues, con vear esta cultura de comerzano, ¿no? la gente ya se preocupa porque comer. la verdad, o sea, sí. si, la has visto reflejado también en tu marca. a ver, yo lo he reflejado en mis ventas, pero también en cuando hablas con las personas. ok. o sea, hace poquito estuvimos dentro del torno de la amistad y verán los papás que llevaban con su hijo y que sea, no, no, prefiero comparte esto a las otras. los niños se quedaban, ¿no? y les gustaban, ¿sabes? claro. yo quedaba ahí. y, ¿claro? o sea, como que tú ves de que... o sea, que les gusta y que los papás prefieren darles eso, entonces, ¿si se hay que padre? porque tú como papá ya le estás enseñando desde un principio a elegir por lo que sí, entre a lo que... claro, lo educas, ¿no? o sea, que vea por sí mismo. totalmente. a ver, ¿qué opinas de esto? para emprender necesitas más pasión que capital. sí, 100 . necesitamos la lártea. o sea, lo que les decía hace lo que era tu. o sea, a ver, el dinero lo puedes tener, ¿no? pero si no lo disfruta, si no lo ama, si no lo hace mal. el día que pierdas un peso, ah, ya. a ver, no tampoco, verdad, pero... o sea, que sin esta es esa pasión que a los días malos te motiven a seguir adelante, me explicó. y, o sea, lo sé, es que estás acotada, que nos está aliendo, o sea, como les decía, la pincha máquina en un primer aso. ¿cómo iba a imprimir el lote de caducidad? porque lo necesito para leer el acuerdo. o sea, ¿cómo le voy a hacer? pues, bueno, ni modo, comprado otra manquina. sabes, ¿sabes? si, como te, como alemado. y... y nada, ¿sabes? si, no, sí. ¿cómo le hiciste? sí, la salizo. es tan hispana. y si no, súper bien. y no sé, súper, casi ni nada. no, súper bien. ¡sí, súper, si no lo recomendamos. sí. ¿qué nos juntamos el día? y sobre todo que, cuando emprender, es como esta carrera de... ¿qué tanto puedes solucionar? o sea, ¿qué tanto resuelves? ¿por qué problema es a ver? no. hoy mañana siempre. ah, lo chisimos. pero si, de verdad, dan más el proyecto, si, de verdad, dan más, o sea, ver, yo le digo, yo toda la vida es quise esto. o sea, de verdad es un sueño que la pati de chiquita dice como, o sea, y el otro, la es una amiga de que, ¡way! es que esto ya es real, mamón. o sea, pone la crema. sí, claro que no te la crees. ajá, y le decía, ¿sabes? y a mi novel, le decía que... guay, ya puedo tocar mi sueño. sí. ya está. ya estoy ahí rastando. no sigue aquí. o sea, ya tiene pie, o sea, ya es real. no está todo bien en el aire. sí, claro. o algo que digo... es espadre, sí. ¿y qué es lo que digo? es la pasión por ese sueño que tengo que me levanta un y cuando las cosas de plano lo están saliendo. sí. es de todo lo que no me han animado a darle. sí, no, a todo. sí. y si fuera fácil emprender y si fuera fácil todo esto, pues muchos emprenderían muchos. o sea, otra situación, también, sería la de nosotros. sí. a ver, ahí te va a la tercera. la gente quiere comer sano, pero no cambiar hábitos. pues sí, justo lo que les hablemas de que dice. no en verdad, o sea, muevete. no, o sea, si no es lábito de... el hábito de hacer ejercicio, el hábito de comer saludable, el hábito de tomar también agua. ¿claro? que son hábitos para dar un acompañamiento con la alimentación. no son los comes saludables, ¿no? sí, claro. y el marketing, cómo lo manejas de sanatía. o sea, cómo manejas el tema de marketing, o sea, cuál es la esencia de sanatía para en redes sociales. o sea, menjorar también eso o cómo manejas más el marketing en este que tema. o sea, literalmente lo que tratamos de compartir es que es parte de... o sea, que tiene que ser... parte de una vida saludable. parte de una vida. parte de tu vida. o sea, tú eres una persona que trabaja un chorro... bueno, te cabe una bolsa. sí. tú eres un estudiante. voy a te cabe una mochila. o sea, sale ese viaje, te cabe donde sea. ¿sabes? no, claro. que es parte... o sea, que una alimentación saludable es parte de donde estés y a donde vayas. sí. y que te acompaña, ¿no? ah, literal. es esta manera... porque luego también el tema de cómo se transmite, no sé si, bueno, no me jarras mentín, es muy clave para el consumidor. o sea, el consumidor como que si se queda mucho con la imagen que vio o con... por ejemplo, lo mejor yo no consumo, con tú, pero vi una imagen que me llamó la atención. que me hizo clic, ¿no? exacto, que me hizo clic. eso sí también, o sea, si les ha invertido al marketing en esta parte, porque siento que si es bien crucial, es muy clave. a ver, por ejemplo, mis amigas se renu... o sea, mis familia y así se renen, porque salimos de viaje. y yo, una maleta de chips. sí. ué, no puede ser posible yo. ¿por qué? pues... ach, mira. es que es un poco pedir. es que es un poco pedir. ¿tacuerdas de mí? pedir. y saben que es súper padre, o sea, y me encantó mucho cuando sacaste las chips en el diplomado que hicimos. ah, sí. tamos el diplomado y salimos al reseso. ¿y sacó sus chips? y así, siete manos al mismo. sí, sí. sí. es terrólido. oigan, pero me voy a... es que un día nunca sabe dónde va a vender, y eso vende. y que tú consumas tu propio producto vende. y que tú la vayas a llevar a un viaje vende. o sea, o sea, o sea, es que uno... a ver, ¿qué más allá? o sea, me gusta. sí, no me gusta. ¿y tú no lo has hecho? y tú no lo has hecho estratégicamente, pero te voy a decir que es estratégico. o sea, como que lo has hecho inconsciente, pero te voy a decir que es estratégico, porque al final lea te recuerda de que... y si no me acorda que las anates son buenísimas. o sea... ah, este... que bueno que trajo patillas y... y lo tienes en la mente del consumidor el hecho de que también consumes tú, le has a tus amigas en el viaje, en el diplomado, y justamente, pues eso... es como detector, no digo, no sé si ha pasado alguna vez, pero ahora te se me ocurre, ¿no? que si lo estás consumiendo constantemente y algún lote sale mal, o sea, te puedes dar cuenta, digo. siempre los pruebo. sí. no me ofenden. sí. oye, si es... bien, vamos. este es el nines, vamos. a ver, ¿cómo estoy en la bodega? la verdad es que ves todo. y veo una bolsa. ¿ve le voy a ver? ya hay que arreglo yo. bueno, echamos... ya me voy. y ya más les sentrí a yo. ay, la notas. es que no te pasa a mi... a ver, me estás dando mi me gusta mi productor. sí, sí. o sea, tibá ver, por ejemplo. la chips de metable, las vendó, porque es otra consumer, pero... sí, sí. es la única que digo, oye, me encanta, pero porque no me gusta metable. ok, ok, ahí. pero todas, además, veas, se me hace agua en la boca o se le di. sí, a mí también, eh. y cómo pasa ese filtro de calidad? nunca has tenido un reclamo... nunca. oye, qué bueno, eh. porque también eso es muy delicado, cómo... no, nunca. la verdad es, ¿no? nunca, gracias a dios. nunca ha habido alguien que diga, no me gusta, no salio con eso, no es que... no. ay, pues qué bueno, no la ver la neta. sí, sí. oye, mira, vamos a pasar otra sección que se llama el pitch imposible. prepara, te mi patís. es que he puesto un video muerte. ah. no, mira, el 60 segundos no que buscamos. abansar. y que le le le... met. siguiente de por lo. omitir. mucho. no, no, no. aquí es lo que buscamos que en 60 segundos nos vean a su producto, ¿no? o sea, que no lo le está a conocer este... no, soy un buen suyo. chagy piquida. no te... resuelve todo, chagy piqui la... la chagy piqui por el que neta. la mano es por siempre. pense que me pregunto que me dios un texto para leer. al cabo es mi asistente. es un segundo. pero te ha besitido que es un mal, porque algo me redacto. yo voy, no puede ser posible. yo animaré. las personas se han despagado en una persona para que se lo hicieran. yo pago chagy. claro, totalmente. y la neta. pues, ¿qué resuelve todo? la verdad es que... pues, mucho, mucho. todavía no puedo. sí, no todo, pero la verdad es que sí, o sea, eres más productivo. o sea, hay veces que tienes que redactar algo formal y así. entonces, como que, a ver, chata, ayudame y te redacta. super bien. ¿sale, ¿pones que tienes que tener eso? ¿de verdad? obviamente tienes que tener un buen prompt. o sea, ahí en casa tienes que tener un buen prompt para decirle bien, bien, bien, que lo que me... ¡adiós! lo que quieres, para que te lo arrojen. todavía no le mentis. sí. ojalá pronto. para facilitar todo, bien. ya sé. al vio, mate, anemate. bueno, son chatas de mundos. y a ver, lo que... ¿somos a ver, ¿qué tengo que hacer? lo que buscamos es como que tú estás en un elevador. y, o sea, está ideología. ¡ah, qué fueses nerviosa! ¡no! o como se les tuve las vendiendo a cualquiera. ah, bien. o sea, ¿se cuenta que le quieres vender a roya ahí? sí. y a la otra de cámaras. para roya ahí. el hecheque, ¿por qué debería comprar una zanati? ¿cuáles son tus productos? ¿y cuáles son los beneficios? o sea, como lo que tú ya sabes y por qué las disfrutas transmitirlo. o sea, sí, pero no lo mismo deciron en frente de una cámara de que olas, pero bueno... sí, no, no, no. ok, va. bueno, si me trabo, le damos siguiente y escribieron por instagram, sanatim x. ahí tenemos... no, bien. ¿a sus parte de... no, no, no, no, no, no, no, no, no, no, no, no, no, no. está contando el tiempo. ¿tiempo ya? ay, no, me chuca ser esto. ¿cómo... no? muy tensón. sí, súper la verdad. bueno, a ver. hay un, en dos, tres. hola. no, a ver, ya les cuento. nuestra chips están hechas a base de verduras. hícama, pepino, coliflor, camotibetabel. todos nuestras chips son hechas con ingredientes 100 naturales y los mejores que no tienen conservadores. tenemos en vioza toda la república, como ellos dicen la verdad es que están deliciosas. nos respaldan 8 años y actualmente pueden hacer pedidos por medio de instagram, bueno, redes sociales. y listo, oh, whatsapp. se le ente. ¡adiós! ¡no, no, no, no! ahora sí. ¡soy perfecto! ¡ya resuida! ¡sí, que ha! esperen, se dejen tu amor. ¡aqués, salos! ¡aqués, salos! sí, me amagan. sí, la necesidad. a ver, es que es súper diferente cuando lo dices que frente a una persona que te está viendo, porque si lo hecho muchas veces, que a una cámara de casa. no, la verdad es que sí, la cámara luego intimidad. quien sea que me estés escuchando viendo en estos momentos, compres a la gente. no me busguen, esto es parte del proceso. esto no es parte de mí. ah, no, la verdad es que sí, o sea, es muy clave. hay en casa que tengas su pitch imposible uno nunca sabe cuando le puede tener esta oportunidad con un inversionista que le quiera vender y venderle la idea y todo. y la verdad es que me gusta mucho este, o sea, como que esta marca, que también tú como dueña, genuinamente te gusta. entonces lo transmites mucho. claro. y a veces que te des a confianza de querer consumir tu productor. o yo. la verdad es que es súper clave y lo recomiendo mucho. a ver, lugares en los que vendemos luego yo guió, me asuna, y ya me queda viendo yo. es que no me por resistir. yo comprando mi propio, yo comprando mi propio y vendiendo. y la verdad es que eso está súper cool porque genuinamente te gusta y sabes que o sea, no lanzarías un producto. sí, claro, no te gusta. yo no, o sea, es lo que les digo, o sea, para que esto funcione te tiene que gustar. si, si, te va a amarlo. tienes que amarlo que haces lo que venden, lo que pruebas. entonces, digo, desde ese punto no hay temor, porque amo mi producto, amo mi empresa, amo a mi equipo. entonces la verdad está muy cool. pues, muchas gracias. es un patino. es muy precioso, ¿eh? hoy vamos a pasar a la siguiente sección que es sin filtro y como saben, ahí en casa que amo esta sección, sobre todo porque vulnerabiliza mucho a los emprendedores empresarios que están aquí al frente y que puede usted ahí en casi empathizar con cualquiera en situación, es situaciones circunstancias que nos pasan en el camino, una mala decisión, una variante externa, que tenemos que obviamente enmendar y ver cómo poder solucionar esta percanza. entonces, pat, ¿qué situación crees que te pueda venir a la mente y que muchos allá en casa puedan aprender de esta situación? porque, pues, nadie es perfecto. o sea, todos cometemos errores, o sea, me incluyo todos. y, pero que luego, ¿cómo lo enmendaste y cómo seguiste adelante? y, jolabé, yo creo que uno de los errores fue la bolsa. o sea, haber sacado la bolsa mentalizada, sin haber hecho un previo estudio de mercados. como que yo la vi muy bonito, dije, si esto va a ser un éxito. y como que no hubiese el estudio de mercado correspondiente, como para poder lanzarla. y, claro, que ha sido algo difícil. o sea, me hagan saber más, pero no tan fácil, lo fue el éxito. entonces, fue uno y, claro, que mientras eso pasaba, pues, a ver la inversión fue enorme. ¿qué hicimos? entonces, como que eso yo, yo, y no hubiese mejor venido todo de que, en la camioneta que tenemos en el aparto, todo lo que tengo y pago y listo. o sea, mejor me quedo, como, dame, te trabajas. todavía, como godin. pero luego, esa no, a ver, no se te olvide que es tu sueño. o sea, no se te olvide que tú siempre es credido esto. o sea, que es trabajas porque tú lo quieres. o sea, o muy seguido me digo, no, no, digo, güey. es que tú es muy entadnada. no, no, no, no, no, no, no, no, no, no, no, no, unito, unito, unito, unito, unito. sí, unito. entonces, creo que eso es algo que digo, no aventarse algo, como es el principio, no te apientes sin un respaldo. si no hemos sacado la página en línea, es porque estoy todavía en ese proceso de decir de que okey, vamos a lanzarla a la tienda línea, pero estoy segura que el día que pague para que se haga es porque atrás trae un respaldo. sí, sí. sí, estás ahorrando y entonces hay una estructura, exactamente, como para que lleguen los tiempos. ajá, yo sé que lo que va a tener mi página web tienda en línea, me va a funcionar para aumentar las ventas y no va a volver a ser una... bueno, no, si una seguirme se va a lanzar todo la bolsa. no, es que es una inversión, claro, es una inversión, pero siempre las inversiones son buenas, ¿no? entonces, para poder hacerla segura, pues tienes que tener un respaldo. claro, totalmente. y verlo, no como un gasto, sino pues el día de mañana que ya saque la página web, va a ser una inversión, pero estamos seguros que ya hicimos la página, sabemos cómo va a ser amigable al usuario y poder usted tener los canales de difusión para que pueda entonces ser una inversión y tener ese retorno de inversión para vender más papás en todo méxico y en todas partes del mundo, pues bueno. y poder la cumplir las pecadillas al cliente, ¿no? exacto, también, ¿no? sí, eso. ¿qué más hiciera pregunta? se me ha olvidado. ¿cuál pregunta? no, era como un error que subiste. y cómo venmentas. es que es un error, pero no tiene la pata. o sea, y cómo vengan a ti para que entonces allá, afuera y en casi tal, que les pueda contribuir eso a su emprendimiento, a su empresa y que lo puedan tomar en cuenta, ¿no? sí, sí. eso, yo diría que eso. o sea, que cualquier decisión que tomes, que esté respaldada por algo que digas, ok, es una buena decisión. no lanzarte a hacerlo. sí. pues porque no es algo fácil. o sea, no te estás lanzando a saber si compras un tipo de silla o otro tipo silla. no, o sea, estás invertiendo. y es dinero, ¿no? y es dinero. sí. no, muchas gracias. literal. sí, sí. mira, ahora pasamos a la parte final. no. no, pero mucho gracias. este, aquí lo que buscamos es un consejo. otres tips que quieras mandar ahora sea aquí en lo que está escuchando y para nosotros también digo, hablarás que a nosotros nos nutre mucho escuchar. siempre a quien invitamos. ¿qué? este aprendemos mucho. entonces, si nos puedes compartir, no es un consejo que algo que tú consideres o tres tips que quieras compartir. a ver, a mí me encanta una frase del caradador de nike en su libro. sí, sí, lo pueden leer de algo. y literal dice que él lo dice mucho de qué pase lo que pase nunca aparez. ok. y la verdad es, cuando yo leí el libro y leí esa frase, se me quedó súper agradada. y diga, ¿te que viste a la película? no, pero la película es del de jordan. sí. y está el libro de toda su historia. el maquina aquí, como tú. o sea, verles, voy a decir la verdad. el libro es una cuando yo le empecé a leer. me lo resumo, chachipiti. no. no, no, no, no. y la chachipiti queda resumen, es como. entonces. no se tareas, chavo. le pido resumen, es chachipiti. a ver, es una estelebra, oye. cuando empecé a leerlo era cuando justo empezaba un poco con sanatil. ok. entonces, como que en la tapa en la que él se empiezan deudar un chorro, yo no estaba endeudada. bueno, no yo, sanatil, no estaba endeudado. entonces, como que yo lo leí a ellos sepada. entonces, cuando llega la parte de endeudamiento, justo sanatil empezó a invertir demasiado. entonces, empezó a tener más deudas. o sea, ¿se hacía líneos? está con el libro. no, sí, ve. no le he terminado de leer, porque me da miedo decir. ¡jud! ¡ya, bien! no, he terminado de leer. ¡no, no, no, no! ¡no, no, no! ¡no, no, no, no! ¡no, no, no! ¡no, no, no, no! ¡no, no, no, no! ¡no, no, no, no! que bró nos absorbieron. no, no, no. ¿sí? nike es un super ejemplo claro. sí, sí. pero a ver, ha visto la historia de él de que él se va a japón, él sueña con el nombre de nike. ok. o sea, el nombre sale porque él sueño de que nike, y yo dijo, ¿cómo se vaya a llamar nike? que loco. sí, súper. entonces, como que la... entonces, cuando empecé a leer el libro, ya lo voy a seguir, porque ya tengo que saber qué es para salir de las deuda, para ver si sigo muy bien. a ver si. ¿para qué siga? ¿sabes cómo que se le hace como spoiler de la vida de prensa, yo? estar reacando la vida. sí, no sé cuánto tiempo, ¿eh? de que en deudado no sé si va a ser lo mismo. pero justo esa frase de que dice que pase lo que pase, no parece, es como, ¿véis? super cierto. o sea, puede haber momentos super retadores, puede haber momentos en los que, de verdad, a ver, porque les juro que yo he reído, he llorado, o sea, de verdad, todos los sentimientos que puede existir y emociones, las he tenido, la que tú quieras. sí, claro, claro. la que quieras. que es una montaña rusa de emociones, uno cuando emprende un día, puede estar. no manches el pedido que me llegó. y al día siguiente, no manches la deuda en la que estamos. o sea, es loco. es hermoso cuando se te olvidó cuanto de vez, pero... no es lo que yo lo hago. no te acuerdas de tu. no, no, no, no, no. segundas, pero la verdad, ¿acuérdese? sí, sí, sí, jale. entonces, como que va de la mano eso de que no parez y también no trode que en esos momentos, en los que sientas que no puedes más, recuerda que antes creaste ese grupo de personas que te soportan. o sea, y no soportar, que a jalegué te estaría aguantando. sí, no. sino que son tus soportes. o sea, yo estoy extremadamente rodeada de gente que no para de apoyarme. o sea, mis papás, mi novio, mis hermanos, mi cuñada, mis amigos, mis... o sea, tienes una red de apoyo muy fuerte y muy grande. pero increíble. o sea, de verdad, es que cualquier cosa que yo hago, tengo un club de porristas de fans impresionantes. y eso es padrísimo, porque también cuando... o sea, las buenas todo mundo está verdad, pero en las malas, llega un punto donde te estás abogando y dices tú no invete. claro, o sea, un amigo. ahora que estuvimos en el tono de la amistad todos los días, porque es un... o sea, de verdad, fue un reto enorme. esa, pero todos los días, mis mismas amigas, a mi novio estuvo de que hay pedido de cañón, mis papás, mis hermanos, pero... las mismas días y los mismos amigos, todos los días preguntándome. ¿cómo te fue? ¿cómo vas? ¿cómo te sientes? ¿qué paltería? y es una papacha paltería. y es una verdadera... y eso, o sea, entonces, mis recomendaciones y trazos. pás de lo que pasa, nunca pared. y rodeate de gente que sepas que te va a estar... que te sume, claro. que te sume y que va a estar siempre... atrapándote en esos momentos de que no poma para volverte en mujer, es que, o que ya te escuchas. ya te escuchas, pero de vez o no. sí, pero... esa es suficiente. sabe que se ha hecho tan que te quiero si está de la fregada, pero, pues, a evas de nuevo, amiga. se va a leyorar, pero ánimo. no, pero de la verdad. sí, la neta. sí, oye, oye. vamos a seguir llorando, entonces, ¿de qué se te había? pues él quiso se me pone cabro. sí, bueno, se pone cabrociera. ¡ah! esto es la vida, no se le hace. ¡ah! ¡ah! ¡paternasi! ¡no! oye, ves que digo, dios, si te porfis, llevame, pero regresame. sí, es lo que... una sorita. sí, sí. se que ya cuando pase todo regresame, pero llevame, por favor. pero no, es que sí se me encarga la neta. y yo también creo, o sea, ¿vives todas? es que nada te prepara. se me ha salinado, te prepara. y por más que alguien te diga, o sea, es difícil aprenderlo en cabezas géneras. por más que alguien te diga, de que vas a sufrir, vas a batallar, vas a pelear todo. o sea, en etanote preparas, hasta que lo vives y se espota, mare. pero tienes que tener el chip de, pues, chinga la chip de la chip. pero tienes que perdiste ir, perdiste ir, perdiste ir. eso no aparezco. ¡pero para verlas, como los aviones! totalmente. y era, o sea, meta, no parez. o sea, no tienes otra. aparte, como que... ahora... como que lo decís, les he invertido tanto. ¿qué vas a parar ahorita? claro que no. ya no puedes. o sea, ya traeciais, o sea, que ya traeciais ese vuelo, que lo se abuel, pensé jugando al empresario, ahora ya no es juego, bueno. ya es juego, ¿sí? ya es juego. ¡ahí, te madre ya te va, no se puede parar! ya no puedo, o sea, ya no te puedes bajar, o sea, si frenas, va a ser peor, que si sigue, y igual bajale a la velocidad. pero, ah, no. totalmente. y patela verdad es que a muchísimo gusto tenerte a quienes te poscas la verdad es que... luego veis amigos, como tal pati, pues, también es nuestra amiga. y luego veis estos amigos, como le he empezado anterior, que comentábamos, que empezaron también por un sueño, empezaron también en la cochera de su casa, empezaron también con una idea y el hecho de que ya están logrando cosas increíbles, o sea, que te vuelan a la cabeza y que a lo mejor si, a pati, de hace 9 años, lo digerás. hoy, pues, no te vais a alemania, vas a vender en francia de rías. ay, a poco si, o sea, como que... sí, sí, sí, hace como absurdo. y también siento yo, y que me llevo mucho de este episodio, el valorar cómo el esfuerzo que has hecho. o sea, mucho poco, ese esfuerzo. o sea, lleves un año, lleves dos años, lleves tres años. todo cuenta, todo vale las desveladas, las lloradas, las risas, las anegutas, o sea, la verdad es que... pues venimos aquí, no vas a un rato a divertirnos, y luego ya nos vamos. sí, sí, entonces... sabentarse, el hecho de... aventarse en el sentido de que va... o sea, pues... me da mucha risa que lo dice, pati. no soy aventada como que tengo algo seguro, pero dejaste alemania por sanati. sí, ¿sabá? entonces, es algo que, al final del día, un factor común al emprender es aventarse. no siempre va a resultar bien. hay veces que te va muy bien, hay veces que te va a ver... otras veces que te va a ver muy mal, o sea, pero vale la pena cuando tienes esta pasión, este sueño que tienes ahorita. y que siempre has tenido, y que el hecho de hacertele a la ti, te hace no pesar que no pesé tanto, sino que... no, o sea, no me voy a hacer desleal a mí, y voy a luchar por mis sueños, porque si no lo chullo, quién va a luchar por mí. mi gusto es, como a ver, si no estoy defraudando, nadie me estaría defraudando a mí, que peor que defraudarte a ti mismo, son sus sueños. no le deje tal al animal que ha sido. sí, la no. totalmente. y aunque nada te he hecho por las poslaves, esto que echarte la fíjula o la letra de aquí. ¡araí! ¡uy, le deje que ingale! sí, a veces estoy jugando a la hija. ¡purpa delante! ya, ve. no, sí, no. no, y también yo quiero agradecerte mucho, primero por tu tiempo, por darnos la oportunidad de escucharte, por compartirnos, pues sí, la historia de esa nati de ti. y totalmente concuerdos, o sea, hay que chingarla y que echarle gana, si pues nada, o sea, no te detengas, y por más que te tropieses, pues se vale, o sea, se vale cagarla y reinventarse tampoco es malo, pero pues hay que persistir y echarle gana. y mucho gracias en serio. no, o sea, les he recorregido. espero que te haya gustado. sí. ahí, aquí, pasé un ratito con vos. ah, sí. y, pues, bueno, nada más agradecer. bueno, aquí vamos a poner todas las redes sociales, también de pati sanati, sobre todo más bien de sanati, y para que la sigan y demás. y agradecer a bgm arquitectos, porque agradezque, no están prestados, lasaciones han portado increíble. sí. hacen proyectos increíbles, vayan y sigan los. y ya saben que esto es con alianza, con newsweek, newsweek, una prasa. sí, muchas gracias. ¡uy! porque si newsweek no estiría este podcast, le doy la historia. sí, estiría. y yo no te más. existería. no te más. la verdad es que muchísimas gracias, newsweek, a vazcalientes, sigan los centradas de las redes sociales, póganse, suscribir, campanita. y, pues, compartan eso a este episodio y todos los episodios a la gente que crean que le pueda construir y que estén prendiendo, o que ya es empresario, todos los ponentes aquí los ponemos con el fin de que puedan llevarse una aprendizaje. y él va a decir, aprendimiento. sí. la verdad es que no te parece. pero acá vamos a crear nada. me jistó en la raé. déjame comenzar. yo siento optimista. no tengo que ya. optimizando. optimizando las palabras. yo siento optimista. hay que guardar el tiempo, el tiempo. ¿qué es eso? no dije, dijo un chico de nada. agree. cado y nada, mi hijo. sí. y pues, bueno, muchísimas gracias. nos vemos en el siguiente episodio. ciao. adiós. y porque ya lloramos. ay, chico. y porque ya lloramos? ahora reímos. ya se abren la espinosa. yo soy sara finuriarte. y esto es sara. gracias. gracias. gracias.",youtube,audio
"hola, bienvenidos a un nuevo video en mi canal de youtube. el día de hoy te va a compartir varias ideas de snacks saludables para que puedas tener opciones en esos momentos en que dan antojo o cientes ambre entre comidas. antes de arte, estas ideas quiero hablarte sobre algunas cosas por tomar en cuenta antes de hacer un snack. número 1. quiero dejar claro que los snacks no son necesarios para estar saludables o para perder grasa. es decir, los snacks son una comida opcional a diferencia de las tres comidas principales, como por ejemplo de sallu uno al muerto y escena, que si o si no te recomendarías saltarte. en todo caso, esta ley de que los snacks son opcional no aplica para todos. es decir, cada cuerpo es un mundo diferente y cada uno tiene sus requerimientos y te va a dar un ejemplo. hay personas que necesitan si o si los snacks ya sea porque tienen que fraccionar sus comidas por tener un balón gásrico y deben de evitar comidas voluminosas o incluso personas con gastritis y reflujo, que lo ideal es que los snacks los hagan si o si para evitar molestias gástricas ya que es recomendable comer cada 3 o 4 horas máximo. es decir, no comer con espacios de comida muy alargados. en todo caso, no tonitamos snacks, pero como puedes ver, si es verdad que para otras personas pueden ser muy importantes. y de ahí número 2. antes de hacer un snack, analiza por qué lo estás haciendo, por costumbre, por ansiedad o realmente lo estás haciendo porque tienes hambre y te está gruñendo el estoma. al pedirte canalices antes de hacer el snack, no quiero que pienses que no te recomiendo hacerlo o que debes sobree analizarlo o culfarte porque quiere hacerlo. para nada. preguntarte por qué hacer el snack o por qué quieres hacerlo simplemente te ayudará a tener una alimentación más consciente. ya veces incluso te puede ayudar a reflexionar sobre otros aspectos que no tienen nada que ver con nutrición o nada que ver con lo que estás comiendo, pero sí con tu salud emocional y mental, incluso para autoconocimiento. te pongo un ejemplo. muchas veces al terminar el día tipo 5 o 6 de la tarde, vienen esos antojos por algo dulce. y esto, usualmente ocurre porque justo sales de tu trabajo, de haber pasado quizás muchos tres laborales y como recompensa, tu cuerpo te pide algo que lo hace feliz. algo que le incentiva a liberar serotonina que la hormona de la felicidad y que alimentos, usualmente provocan ese efecto, los que son ultraprocesados o los que son ricos en azúcares. entonces, en esos casos realmente la persona puede estar tendiendo a hacer snacks después del trabajo, no por hambre, sino para liberar ese estrés o esa ansiedad provoca por el trabajo y no porque el estómago le está pidiendo comer por hambre física. a veces incluso personas comen porque están aburridas o están tristes, cuando reflexionas antes de hacer el snack y te preguntas por qué lo vas a hacer, como puedes ver puedes incluso empezar a escuchar más a tus emociones y tomar las medidas correctas para respetarlas y no callarlas con comida. así que bueno, a lo que voy es que está perfecto si quieres hacer un snack, pero analiza por qué lo estás haciendo si es por hambre emocional o realmente es por hambre física. ahora que ya abarcamos un poco acerca del hambre emocional, también quiero topar el tema de la importancia de analizar el hambre física. pregúntate por qué te está dando hambre entre comidas. quizás tus comidas principales están incompletas o comes muy poco durante el día o incluso te estás saltando comidas, estás haciendo un ayuno muy prolongado porque quiere bajar de peso más rápido. muchas personas porque querer bajar de peso comen muy poco en sus comidas, pero luego terminan picando todo el día. así que antes hacer un snack también chequea si es que quizás estás sintiendo hambre constante porque tu nutrición en el resto de las comidas no está siendo equilibrada especialmente en las comidas principales. ya sea en cantidades o en calidad de nutrientes. en todo caso te cuento que en realidad es normal sentir hambre cada 3 o 4 horas. así que si quieres un snack tipo 4 o 5 de la tarde porque el muerta es temprano como yo a las 12 el día, es totalmente entendible. lo raro sería que quieres comer un snack una hora después de recién haber almorzado. ahí ya es un indicador de que quizás tu almuerzo no está haciendo completo. entonces bueno, con esto más que nada quiero que antes de un snack realmente analices por qué lo estás haciendo y luego hacerlo, vayas a comerlo y a disfrutarlo si realmente tu cuerpo te lo pide. así que ya con esa información te voy a compartir 7 ideas de mi snacks favoritos para que los pueda ejemplar. la idea número 1 es un macflury que te voy a dejar aquí la foto del último que me dice que es espectacular y es demasiado fácil hacer. solamente tienes que mezclar el yogurt frío con vainilla, así que también le puedes poner canela, un endulzante de preferencia y le puedes poner también un toque de mantequilla almendras o mantequilla amani. tú de esos los mezclas y por encima le vas a poner chocolate negro de retido con laminas de almentras. y luego eso lo vas a llevar a refrigeración para que el chocolate en la parte de arriba se endurezca y ya después de unos 10 15 minutos, en la clúnica cero. de ahí la segunda idea de snacks era unas barras de frutillas con semillas o también unas barras de banana que hecesido mi snack favorito en las últimas semanas porque es demasiado fácil, rápido y esquitando todos, si eres alguien que ama el chocolate como yo, esa aquí te va a fascinar y es demasiado fácil como te decía. luego lo que me tienes que hacer es de retir chocolate negro en el microondas, le puedes poner aceite de coco para que sea más fácil de retirarlo, lo pones por un minuto, vas a pararlo por los 30 segundos, lo mueves y terminas otra vez con los 30 segundos restantes y luego ese chocolate negro de retido lo vas a poner sobre un molde de silicona para que sea fácil de sacarlo y le puedes poner por encima la frutillas, las semillas o las almendras o mantequilla de maní o mantequilla de almendras lo que a ti más se guste y lo lo que gracias es llevarlo al congelador. en el caso de las barritas de banana lo que hice primero fue majar una banana y por encima esa banana le puse una capa de mantequilla de almendras y luego por encima el chocolate negro, con un poquito de sal para que quede ese contraste entre dulce y salado y luego lo mandé al congelador y después de como unas 2 horas lo rompí en forma de tabletas. la idea número 3 es muy fácil también y es básicamente avena caliente o tú la puedes hacer como avena remojada. a mí me gusta más caliente porque en ese momento es más refrescante y te hace sensación de llenura para mí más rápida, pero en todo caso la avena caliente es extremamente rápida de preparar muchas veces se piensa que es algo complejo y en realidad lo único que tienes que hacer es poner la avena en una olla con agua o con leche de almendras o con leche de vaca cremada, canela, el edulzante de preferencia y cuando ya sea ya espesado la pasas a un bol hondo y le pones por encima la fruta de quetite use más. yo usualmente le pongo frutos rojos, banana o frutillas, un poquito más de yogur griego para aportar esa proteína que me da más necesidad en ese snack y también una fuente de grasa saludable como la mantequilla de almendras. de ahí la cuarta idea que te quiero compartir es una ensalada de atún porque muchas veces me dicen que no les gusta un snack dulce y que tienen a tener ganas por un snack más salado, así que es una idea que puedes aplicar y para que sea no tan calórica porque en realidad los snacks no tienen que hacer hipercalóricos o tienen que tener tantas calorías como tus comías principales lo que puedo utilizar es un atún en agua que por tener menos grasa a diferencia del turno en el aceite, obviamente te va a aportar menos calorías. entonces ese atún lo puede mezclar con los vegetales que a ti te gustan pueden ser apiolochuga, tomate, rabano, opimiento, sebolla, lo que a ti te guste y opcionalmente le puedes agregar yo curguiego para aportar aún más proteínas y más cremosidad a esa ensalada atún y en la foto no se ve pero también si tú quieres puedes acompañar las como paquetes galletas integrales. y ahí el snack número 5 van a hacer estos nachos de manzana que literal es manzana cortada en forma de nachos o de láminas que por encima tú le puedes poner la mantequilla fruto seco de preferencia y también unas chifas de chocolate negro con nueces también para aportar antioxidantes y con las nueces aportamos omega 3. de ahí la idea número 6 son unos rideshakes de mantequilla almendras y mermelada que también son demasiado rápido a ser y rapido bastante que son rápidos porque muchas veces terminamos comiendo snacks ultra procesados por falta de tiempo y en realidad todas las ideas que te estoy compartiendo toman máximo unos 5 minutos de preparar. entonces todas las garras esas tortitas rostres le ponen la mantequilla almendras por encima y la mermelada sin azúcar que si no tienes puedes comprarte frambuesas y las más ajo con el tenedor y ya tienes una mermelada casera ultra fresca. y por último la idea número 7 sería parecía al anterior pero en vez de tortitas arroz vas a utilizar una tostada de pan integral le ponen mantequilla mandí por encima un toque de canela y van a análaminada y así que tiene 7 ideas de snacks para toda la semana así que si es que te gustó recordarle like compartir este vídeo a ese amigo o ese familiar que tiene hambre todo el día y no sabe qué comer entre comidas y recuerda que si aparte tú quieras aprender sobre tus porciones de forma personalizada yo hoy asesorías nutricionales online que aquí abajo te voy a dejar el link directo para que puedas agendar tu cita y así nos conocemos en persona y también yo tengo una membresía 100 por ciento online que por tan solo 10 bolares al mes toda la semana recibe contenido actualizado sobre nutrición científica pero simplificada así como te lo explico aquí en mi canal de youtube así que si te gusta estas clases rapes de nutrición aquí que tengo en youtube estoy seguro que todo el contenido del área de bip te va a fascinar así que aquí abajo te voy a dejar el link directo para que pueda leer más información de la idea de bip y si te interesa te puedes inscribir ahí mismo en la página web y bueno antes de que te vayas te voy a dejar aquí el último vídeo que subí la semana anterior para que no te lo pierdas y nos vemos así ya la próxima semana chao chao",youtube,audio
"mi familia y así se reen por qué salimos de viaje y yo una maleta de chips. sí, bueno, puede ser posible yo, ¿ok? ah, chí, es que no me dios, ya me dios. sí, te acuerdas de mí. y que tú consumas tu propio producto, venden. muchas veces, ¿eh? ¿ah, es que estás supercar y tú? ¿qué quieres todo? o sea, quieres un producto que no tenga tanto proceso, quieres un producto que sea natural, pero quieres un producto que cuesta superbarato. o sea, el otro ales una amiga de que, ¿eh? es que estoy ya real, mamón. ya puedo tocar mi sueño. ya está. bienvenidos otra vez aquí con nosotros en el tercer episodio de la segunda temporada. estamos súper felices de tenerlos aquí. este, como saben, pues bueno, preparé un café, un drink, algo para que nos acompañen en este nuevo episodio. y pues, bueno, ¿por qué ayoramos? ahora reímos. yo soy brenda espinosa. yo soy seraphina uriarte. y esto es serasa. alguien lo invitado, hay muchas gracias por acompañarnos, primero que nada, pati. tenemos a patricia barba. soy la directora general de sanati, marca mexicana que nació hace 8 años con una misión muy clara. crear es nags deliciosos, saludables y con un toco de amor familiar. vamos a aprender de el cómo pasar de un sueño entre hermanos a mandar tus productos hasta francia. ¡uuuu! ¡aquí es la legancia de francia! ¡la legancia de francia! ¿qué es suerte? sí, sí, suerte de en tu ruta. no soy un poncho para que no le daño. no, por el nervioso. láganlo, no te chingo, verdad. sí, sí. bueno, muchísimas gracias, pati, por estar aquí en este podcast. la verdad es que la conocemos es nuestra amiga, pero aparte, pues, bueno, creemos que es un ejemplo para aprenderle mucho de ella de lo que ha hecho hasta hoy. y, pues, bueno, como saben, es que esto que el otro, salud. salud. salud. salud. salud. salute. no, a ver, en francia, en francia, como se dice. ahí no sé. en aleman. no me quise ver ignorante. en aleman post. es que habla aleman también, tu día. post. y bueno, como saben, estamos en las instalaciones de bgm, arquitectos. entonces, les vamos a pasar por ahí un videíte para que puedan todo lo que hacen y ya saben. correle de ahí, roy. cuando empecé eso, lo tenía mi laptop, mi celular y muchas ganas de crear. en tepetate, no le tenemos miedo experimentar. no sólo hacemos arquitectura, hacemos espacios habitables. cada proyecto es distinto y es buena oportunidad para explorar, conceptualizar y crear cosas increíbles. va, pues, ahora pasamos a la sección de la historia donde conocemos un poquito más a profundidad, pues, tal cual la historia que impende comida. pero, ¿cómo se llama esta? aquí nada es mentira, ¿sabas? aquí ya. conozcemos la historia del invitado, este, ¿cómo ha sido la trayectoria y el proceso que lo había vado? pues sí, ahora sí que, a crecer en su de un prendimiento, no? entonces, si nos puedes platicar un poquito como un peso sanati, ¿cómo fue todo el proceso? ¿has emprendido antes de sanati o no? no, así es de que realmente como sanati, no. es mi primer emprendimiento, o real. no, que es mi primer emprendimiento. pues, a ver, empezó hace ocho años y uno de mis hermanos juan diego fue el que se hace el coymedico de que, voy a ver esta idea. quieres entrarle y yo de que, ok, pero al principio solamente estaba pensado que lo hicieramos por ocho meses, porque después de esos ocho meses, yo me iba a ir a vivir a alemania. pero el ingresismo, pero ocho meses, solo como para no irme yo en cero de dinero y ya, ella me dijo de que, ok, va, perfecto. entonces, empezamos, porque a parte fuimos de los primeros con esto, sino que los primeros en aguasgaria antes de finitiamente es la república. o sea, con la chips, con producir chips que eran hechas a base de verdura, específicamente gícama, camote y betaver. fue con los primeros con los queristas. qué muy buenas oiganes. sí, la verdad es que no se siente como que sea... o sea, luego hay que ser chips que... a ver si es que está muy de eso. justamente era lo que no queríamos. estamos acostumbrados a que los productos healthy son feos, desabridos. entonces, con la idea de comenzar con esto, fue justo el poder ofrecer un producto que es bueno que aporta algo al orgánismo y además, pues que no es dañino. sí, claro. estás comiendo algo como un ganar ganar y que lo que estábamos con la neta. y que lo disfruta. es que es horrible que cuando estás cuidando tu alimentación de que te comen a ser algo desabrido, lo que es la que está ultra mega procesado para poder llegar a ser la it, para poder llegar a que tenga 10 calorías. y la verdad es que la chica se encuentra que unas abritas, o sea, no te sabe el garnacho. o sea, te sabe el sabor de las papitas que las disfrutes. exacto. o sea, no te sabe abril, no te sabe abril. me tocó jamón, te no te sabe, justo. sí, justo, o sea, no te sabe que ha desabrido si no te sabe algo delicioso que disfrutas. sí, claro. no, entonces me dijo que, ok, y empezamos, entonces empezamos a ver que la verdad está teniendo mucho éxito. entonces fue cuando dije, no, pues, a dónde voy. y cómo empezaron, o sea, o sea, empezó a tener mucho éxito, pero cómo empezaron en una air frayer, o sea, cómo empezaron la producción? o sea, la producción empezamos, todo fue mi hermano, o sea, como que él fue el que se encargo de todo eso, y yo solamente me encargaba de la distribución. entonces, o sea, como que empezamos en pequeño, y ya después fue que comenzó como él volumen. o sea, literalmente, la primera, el primer lugar en el que vendimos, me acuerdo que tuve que rogarla a la señora donde las veíamos. porque por favor, y le lleve como 10 bolsas. yo le juro que van a ser un éxito. y a las dos días, la lleve que 50. y así, entonces, como que fue subiendo. ah, ah, ah. la como que no creía, pero de verdad, él, o sea, la reacción de la gente fue inmediata y muy buena. y ya después de eso, mi hermana, que vi benchoyade, méxico, dijo que ahí pues las empiezo a vender acá. tengo una amiga que es nutróloga, y está en un lugar que a la fecha, todavía seguimos vendiendo con esa nutróloga que es excelente. y de ahí, como que después llegó otra persona que las vió y que quiso ser distribuidor, entonces, como que empezamos a crecer en ciudad de méxico, entonces, yo con un punto en que dije, ¿a dónde voy? aquí está lo que quiero ser. aquí está el sueño que siempre he querido, que justamente yo desde chiquita había soñado con su área empresaria. ¿ah, no está? sí. ¿ah, qué cool? me abuelo la verdad. me abuelo paterno. fue un muy buen empresario aquí en la ciudad de aguas calientes. entonces, yo la han de dije, siempre lo veía yo decía. como espiracional. y yo sé que no mancha, es que yo ser como él, quiero tener mi propia empresa y que os en mi propia jefá. ten mi propia tiempo. ten mi propia tiempo y por el par de ya no te coba. y a mi casa no existe. no, no tienes tiempo para la verdad. no, no, no. a ver, pero es parte de... o sea, sí, si, si, si a más lo disfruta. oye, y por ejemplo, con tu hermano, o sea, tienen roles, ¿no? tú te dedicas a vender tu hermano, te dedica al tema producción. o sea, como que hay estos roles dentro de eso. o sea, ahorita producción ya no nos encargarámosnosotras. ya tenemos alguien que hace producción, porque la verdad es que no nos damos a basto con la producción. entonces, como que se subcontra todo eso. pero ahora mi hermano ya no es mi socio. mi hermano le dio toda su sociedad. o sea, todo lo que él de él se lo dio a mi mamá. entonces, ahora mi socio ya es mi mamá. fue. y ya no te fuese ir a ver si perdón. no, no, no. es que no más quiero entender. y regresando un poquito en el tiempo, ya no te fuiste a la mania. no, hable a la mania y a la empresa donde... o sea, ya tenía chamba y ahí todos. ah, ¿deos ir a chamba y ahí? no, o sea, yo ya me iba a vivir, ya tenía bueno, ya tenía chamba y ya tenía toque. ah, sí. ah, ok. y hable a la empresa. y a les dije que no, pues la verdad es que sí quiero emprender, quiero comenzar algo aquí, quiero ver qué tal funciona. y el dueño me dijo que no te preocupes. tú intenta lo y si no funciona, te vienes. y yo, ok. voy a ir a la mania. no, ¿qué padre que tengas esta seguridad de que, bueno, si no funcionan, tengo un futuro en alemania? pues, o sea, no me voy al vacío. o sea, no es como que no tenga otra opción. a ver, cuando vas a ventarte algo, no puedes a ventarte, como dicen, sin paracaídas, ¿no? o sea, siempre que vas a... vas a... sí, la verdad. más que si no hacemos la verdad, vas a otros sin paracaídas. pero luego tienes estas elecciones que dices. a premulizar. exacto. a ver, no, yo no soy así. nunca, o sea, nunca me voy a ventar algo sino tengo algo que me estás pecul, un respaldo o algo de caer. claro, totalmente. o sea, a ver, por ejemplo, actualmente, claro que cuando yo empecé con esto, no era mi única chamba. y no ha sido, al día de hoy, mi único ingreso. ok. tengo una chamba fija que es de 7 de la mañana, a 3 de la tarde. y para el hilo, voy llevando sanatino. entonces, yo sé que si en algún momento sanatino, sentó este proceso que ha crecido, no me da económicamente para poder solventar mis gastos, tengo este plan, otro plan que es la abresa o sea. exacto. entonces, hay algo fijo que vas a aportar esto que en un principio fue como un sueño que ahorita ya es algo muy real, muy tangible, pero aún así siempre tengo eso. o sea, no soy de esas personas que se abiente y dice, a ver cómo funciona. no, no, no. no va a ventar, pero esto ya agarras. no dices, se va. no dices, se va. no dices, se va. no dices, se va. es que yo. o sea, ya. sí, totalmente. pero yo se pregunta, no tú. este, no, no, no, no. querías saber también un poquito el contexto de cómo había sido. y ahora que se unió tu mamá, que ya ya como reparten esos roles o cómo si está parte que ha sido familiar, o sea, que son familias. primero a tu hermano, luego tu mamá. pero cómo ha hecho esta conviviencia, vuestra sin herge, o sea, agarrar a ella o cómo ha sido, cómo ha hecho. no, a ver, la verdad es que mi demás, una persona, es un presentada. y muy, o sea, si yo soy movida, o sea, ella se lo aprendí de ella totalmente. entonces ella es como muy centrada decir, a ver, que vamos a hacer. vamos a hacer esto. ok, entonces hay que hacerlo así. entonces, como que entre las dos nos complementamos mucho de ahí. si lo hacemos de esta manera y la agregamos esto y otro, somos hecho una sinergia muy padre. ahora todavía, como que los papeles no están tan definidos, porque como que está ella entrando ahorita la empresa del caber, como y no separando. tiene poco o sea, tiene que que. tiene seis meses. ah, sí, es super reciente. es super reciente. pero sé que luego lo otro hermano dijo, ¿sabes que? pues ya tú sigue la inmima, mamá. y pero hace años. no, es super reciente. no, no, no. o sea, mi hermano duro años siendo mis socios. y esto es super reciente que dijo. oye, no hay fricciones en tu familia de que o que, o sea, fricciones contra hermano o arofricciones con tu mamá. ¿cómo llevas? o sea, el trabajo que no lo llevas. ¿cómo no lo llevas? no lo llevas a la casa. poder separar, bueno, estos trabajos, estos familia. no sé cómo. la verdad. pero sea logrado de una manera impresionante. por ejemplo, con mi hermana, que les digo que ella distribuía en méxico, tenemos que dos grupos. uno es nuestra conversación como hermana. ok. y el otro es de la encanto. pero ¿qué es eso? ¿qué o sea, de verdad? puede ser que en un grupo, no estamos agarrando de que es que no hiciste esto, pero lo hablaba. y en el otro de que el amor infeito. te amor a la hermana. y ya lo como hermana. y acá te te compensa. sí, en que el grupo de que te ha pasado esto, le deves esto a sanati así de que en el otro de que, oh, y sí, compramos esto. es un da. si no, te dimos esta blusa. porque es super fragmentado. es una blusa. ya te lo pongo. me atimes ahorita. abrita la de sanati. ok, ¿qué pasó? sí, o sea, y por eso, y justo siempre hemos dicho con mi mamá igual, ¿no? o sea, el grupo de... bueno, el chat de yenio y el chat de la empresa, y no sé cómo, creo que ha sido parte muy madura de todos, de aprender a separar... sí, porque sí, sí, no. de aprender a separarlo y con mi hermano igual. o sea, si eran comidas familiares y tenemos que tocar algún tema, o sea, era de que no es tema. ahorita. y no era tema. ahora te la disfrutan. como la comida y ya después lo vemos. claro, nos hablamos después. o con mi mamá igual, de que haber llegó la noche y nos sentamos a platicarlo y se platica y se acabó. sí. y cuando son otros temas como que, o sea, así. y la verdad es que yo tengo una relación muy buena con mi mamá. o sea, la verdad es que... y ha sido que la de... sí, sí, o sea... y con mi hermano también la tengo. pero como que hablando ahora de mi mamá, que es mi sociedad, tenemos una relación muy buena, somos muy parecidas, somos muy cambiadoras y extremadamente movidas activas. entonces, como que hemos compaginado bien. y tu mamá ya me han prendido antes o trabaja antes o... sí, sí, sí, mi mamá tiene desde hace 25 años una guardería. entonces, la verdad es una... y de joven, por ejemplo, tuvo un puesto de hamburguesa así. entonces, mi mamá es un mamá muy por sí. sí, la verdad, mi mamá nada se la torra. entonces, como que yo la veo a ella y le ha fretyado tanto ahí de que aquí nada se atora y todo se soluciona. entonces... totalmente. oye, a ver, y o sea, conforme la crearon. o sea, ahorita ya llevan ocho años con esto. este... cúmur le hicieron porque ahorita ya están en varios estados, y también nos habías comentado previamente que hasta francia han mandado ahora. entonces, ¿cómo han hecho este proceso o cómo han logrado diversificar en lugares sin que se les salga de las manos y también, pues, mandaron o digo otro, en qué periodo logrado lo neso, cómo fue? o sea, ver todos los puntos de venta, otras partes de la república ha sido redes sociales. o sea, por medio de redes sociales, que la gente nos ha contactado y quiero vender acá o ya acá. o sea, literalmente ha sido por medio de redes. y tipo, francia, si fue un contacto que teníamos, que... bueno, que... sí. pues sí, la verdad. a ver, ¿qué también es? y en este mundo se trata de contactos. si tienes un contacto, veas obviamente... a usar ese contacto y que si es un ganar ganar, como siempre lo hemos dicho, y pues, poder exportar tu producto que padrísimo. sí. un contacto y literalmente como que hay siempre platicado. o sea, estúbimos platicando. oye, a ver, pues, está la opción de francia, pero lo padrés que estos no se quedan en francia si no se van a ir a unos cruceros. ok. exacto. ¿a suena que le daba tanto? no te he tocado. no te he tocado. o sea, se cuenta que esta chava, eso se dedica a exportarnos. entonces, lo más para que se aquí le venden producto y hayas encargo de todo. sí, de venderlo, distribuirlo, como ha hablo. ah, exacto, de ya acomodarlo. entonces, se va justo a unas navieras. oye, ¿cuál es, no sé, eso sí, no sé? sí, ok, ok. ah, sí. y por ejemplo, dándonos un poquito más de contextos a como más aterrizado, tipo. empiezas a vender en ciudad de méxico. ¿cómo es la transición hasta que, por ejemplo, a datas también venden en aeropuertos? sí. entonces, ¿cuál es la transición de vender en ciudad de méxico? y luego en otros estados. y luego también el tema de cómo entras a los aeropuertos. y al final, si no puedes contárdigos, es que es mucha información. sí, pero ya después contarnos también cuál fue el proceso de exportarnos. que me imagino que hay todo un proceso para poder. yo no te exportar, yo ni sé nada más que vender el producto. ahí sí. se encargaba la chava. todo se encargó la chava. sí, sí. y se cofe, pristo. eso no. o sea, nosotros tenemos los certificados. pero de ahí en más todo lo que se necesitaba ella de papelegó así. la contrató. lo hizo. pues ella, o sea, el contacto que tenía, o sea, entre yo y yo, como que estuvimos mandando, o sea, por ejemplo, le tenía que mandar todos los estudios, que se le tienen que hacer el producto físico. ah, ok. sí. o sea, todo eso yo se los mandé. y o sea, como la información del producto en ci, certificados y demás, ella se encargaba de todo lo demás. ah, ok. o sea, es que la verdad es que exportar esto en un show. sí. me acaba clasco. me acaba clasco. como para estados unidos, todo en show. entonces, si hay personas especialistas en eso, que hacen eso todos los días, no te lo compliquen. sí, de legal. o sea, la neta. exacto. exacto. o sea, porque te vas a romper la cabeza en hacer algo que alguien pueda hacer por ti. claro. más rápido y tú te enfocas en lo que tú puedes hacer. y ella se convirtió como en tu clienta, ¿no? o sea, el clienta. exacto. o sea, exactamente. exacto. está súper bien, la verdad. más caramoso. la raste todo el pedo. y cómo entras, entonces en este caso, ahora, de llegar a aeropuertos. también fue un contacto. está muy bien. viva los contactos. no, pues sí, es que es súper mal, la neta. un tiempo, nosotros vendimos también unas gomitas saludables. ah, ok. la persona que no las producía, porque así tiene que ser alguien más por el tipo de goma, que era una goma vegetal que utilizábamos. en nosotros en ciudad de méxico, le vendemos a muchos judíos. entonces, los judíos tienen muchas restricciones por el coche. entonces, quisimos hacer estas gomitas, como lo más veganas, coche posible. ya. entonces, esta persona que no las producía, venden el aeropuerto. entonces, cuando yo viste a sus gomitas, dijiste a poco no. y yo, ¿cómo ya puedes pasar a mi contacto? me lo mandó y ya. ¿y listo? oye, pues la verdad que paré. sí, la verdad. o sea, porque luego también... porque muchas veces tienes, pues, justo, tienes esta red de limita, sino la provechas, ¿no? a ver, tienes que estar en todo. o sea, yo les digo que cuando emprende si es este tipo de emprendimientos, a donde se ha que vayas, estás haciendo un estudio en mercado. está cabrón. o sea, yo al lugar al que entro, veo que hay chips. ok. de productos. o sea, ¿qué está vendiendo? cuando entiendo a doctor mendes. yo quisiera entrar a los aeropuertos, porque una vez que llegué, no vi nada similar. sí. sabes? no había ni un producto similar, nada. y dije, es mi momento. tengo que entrar. entonces, fue cuando... cuando. o sea, como que todos se funyendo, viste los productos de las gomitas, describíos, a el contacto, y ya se logró, y ya estamos dentro. o sea, ya vamos a cumplir. creo que un año, año y medio, vendiendo en aeropuertos. entonces, eso, o sea, tienes que... o sea, si tú quieres lograr o crecer, tienes que buscar siempre eso más. o sea, tienes que estar siempre activo, pendiente de... ¿dónde no hay? ¿dónde puedo seguir? ¿dónde... ¿por qué no es oportunidad? ¿por qué no es oportunidad? ¿dónde está la demanda? pero nadie... o sea, hay una demanda como tal. por ejemplo, en aeropuerto, porque, claramente, la mayoría de la gente va a comprar chips, va a comprar en lo que hace la escala. pero justamente, no está cubierto esta demanda, que esas personas, gerti, que se alimentan con cierta restricción, y pueden encontrar estas chips, pues, es una delicia, que pueden no como... sí, o sea, no hacer la dieta, sino si cumplirla, seguirla cumpliendo y sano, ¿no? habrá algo que es súper importante. o sea, ahorita que dice la dieta, es justo eso es lo que por ejemplo nosotros intentamos. nuestra misiones hacer que la gente camise chip, de decir, ¡oh, estoy comiendo algo por cierta! ¿y si es el consejo? ¿qué le hace bien a mi cuerpo? exacto. mamón, dejar de pensar que voy, me voy a comer ese brownie que dice que tienes 10 calorías. sí voy, pero ¿cómo lograste que tuveras 10 calorías? ¿cómo te hago algo que tiene igual y más calorías? porque estoy siendo bueno para tu cuerpo. sí, no claro. sabéis eso, porque la gente es como no engorda, ¿verdad? y yo, ¿eh? la lechuga dice eso. ¿por no decirlo así? no le puedo responder a la vida. sí, no, sí. pero a ver, ¿cómo es? o sea, ¿cómo es? no, no, no. pero... sí, no, pero... no, a ver, pero es como... o sea, la lechuga en exesón gorda. punto. sabéis, es eso... si, o sea, todo engorda. si, nos vamos a esa, es el agua que ha tengorda. es que... muchísimas de las disfrutas engordan. pero solamente el hígico como que algo... o sea, cambiar el chip, en vez de que engorda que me nutra. exacto, justo. y digo, ¿me ha ver? no son mágicas. sí, no. nada es nada. no, pero... pero, ¿cómo es? pero, ¿cómo es? tiene que... esa es la mesa, ¿verdad? o sea, el hecho de hacer ejercicios, o sea, el hecho de que... o sea, si hay coca lite, pero no porque hay acoca lite, entonces ya si la tomas vas a bajar 5 kilos. o sea, bien, no es más que... o sea, hacer ejercicio y demás. pero también que padre poderte comer unas papas como sabiendo que son buenas y nutritivas y no unas papas comercieras. que nos sientas el pecado, ¿verdad? es justo. lo que yo creo que, justo, comparto mucho la idea de eso. yo también estoy en contra como la palabra, que es como se utiliza la palabra dieta. porque al final de cuentas, todas son dietas. buenas o malas. entonces, al final de cuentas, ¿ok, mejor modifica la forma o los alimentos que consumes? pues procura que te hagan bien, o sea... que al final de cuentas se ve reflejó en muchas cosas. si tú estás bien, pues, de ver muchas cosas más, ¿no? ¿tú te termino? si estás mal, o sea, evidentemente pues te vas a desgastar mucho en tu salud o sea, vas a deteriorar muchas cosas que a la larga no te hagan. a ver, y todo en esta vida es un balance. sí, por supuesto. o sea, de verdad hay que encontrar un balance en alimentación, en trabajo, en todo. o sea, no te puedes ir a los extremos en nada. en nada, sí. ¿tú estamos desable? sí, no todo el exceso se vuelve malo. oye, algo bien específico que tengo duda es porque tú muy fiques el empaque, ¿no? creo que no es 23. ¿cómo es este proceso? o sea, o qué te piden... yo soy ignorante totalmente en empaque, o sea, no tengo idea. pero es más interesante como saber qué proceso hay que llevar, o qué haces para cambiar tu empaque, o qué te piden o qué te exigen. o sea, a ver, todo depende de dónde quieras vender chips. o sea, si yo quería entrar, por ejemplo, en aeropuertos, exportar otros puntos de venta, en los que te piden una vida en anaquel más larga, es donde tienes que cambiar tu empaque. o sea, si tú prevas un producto, el que sea, sin conservadores en una bolsa de celofan o con conservadores, te vas a ver muy diferente a uno que estuvo dentro de una bolsa metalizada. sí. ¿por qué las bolsas de celofan respiran? sí, están albacionas de venta. exacto. y las otras, entonces, el producto se conserva mejor. entonces, no te piden... o sea, ver, tu marca no te... a mí no me exigía. si yo quería seguir vendiendo entiendas locales, podría haberme quedado todavía con celofan. pero como yo quería crecer, yo quería llegar a otros puntos, en el que me piden una anaquel, una bien anaquel más largo, fue lo que me orió o llevó a este siguiente paso de cambiar el empaque. no, a partir de esas abarcando tanto las empresas grandes, como aeropuertos, como exportación. y también estás cubriéndote en el tema de los puntos de venta locales. o sea, estás matando como dos pájaros de un tiro, por ejemplo. si la papá se conserba más, lo mejor no sé. en otros puntos de ventas que tengas aquí localmente y que no se ha vendido hoy, pero no es como que hay, no. y es que entonces el conservador, o sea, como que... si estoy yo que matas dos pájaros de un tiro, tanto por exportar como para aeropuertos como por local. ya cambiaste todos sus productos de desempaque. no. a ver, ¿qué pasó? si es una friega, ¿no? china. yo soy chinga. no, a ver, es que sí lo fue. porque ahí les va. teníamos mucho tiempo con la bolsa de celofanjo. de celofanjo. o sea, cuando cambiamos a la metalizada, yo creo que es que estermosa a todo mundo le ven cantando. que es un bolsa de metal. pero ya ve identificado, ¿no? sí. y no ven el producto. claro. y la que te quiere ver el producto. y eso también, verdad, o sea. y si vos las chingas dentro. yo no sabía que te consumía hasta que luego superguerra tu marca proyo, consumía. yo consumía. sí, sí, pues yo consumía una fortaria. o sea, y luego a la gente nos gustó. y el primer, o sea, el primer lote que pedimos, por aquí tengo que tener una foto. el primer lote que pedimos, un chingo, o sea, yo... porque antes estamos en una cochera, o sea, mi cochera. y, ¿le verdad, será un millón de cajas y yo estaba supecante? es tu me encanta, porque luego tomo un lote. ah, tienes unas bodegas, y todo. no, no tengo bodegas. o sea, empiezas en la cochera. en mi casa. y luego aparte también, no acuerdo que... o sea, tipo... ah, estoy con su nombre. ¿qué aprendes? y que tu mamá, ya me das mi cochera. ya me das el bolivete. ¡muchas cheras! o sea, nunca fue como de hoy o sea, nada ni me cobraron. bueno, pero nunca... no sé. a ver, nunca. déjenme buscar foto. pero ni traje de ser muy pasillos. y yo... yo no lo más bonito que te acuey. ya seré el otro paquillo. yo no me desviaba. que pienses que es grande, no? no me desviaba. no me desviaba. no me desviaba. no nos encuentra. pero si no le dejamos la foto aquí para que la vean de cómo se ve. yo me sentí insoportable. o sea, de verdad, cuando bajó de que todo ese camión con seis estetarimas... y yo... y lo llegaba. ¿patriz? sí, yo. y la socoporte. o sea, yo estaba de que guapo, que hermoso. bueno, pues no se vendieron. oye. pero, pues es cuando disinimado, ¿qué vas a hacer? y ya con eso que no se estaba vendiendo justo, llegó el momento como que hicimos que hacemos. hay que colocarles por que se les sacaba la vida. es justo, estaba por llegar el maratón de aquí de aguascalientes. ¿al maratón fue de alupano? no, el aguascaliente. ay, ay, ay, ay, ay. el... si, al completo. si, si, si, si, si, si, el real. el real. y por un contacto conseguimos de que la persona yo... oye, te patrocino con producto. aba. ay, oye. entonces, metimos que eso hace como dos años, si dos años, todo los quites, una chica de sanati. o sea, acaba de carregar. bueno, entonces, ¿anati? ¿dónde? no, en dentro del kit venían una chica. abás por tu número y te dan las sanatí. ya, entonces, ¿dónde vieron tu playera y todo? como de lo que pean los patrocitos de la chica. y yo no soy maratónista, perdón. no dice que el playa no es de ese. ¿sacó cuando vas a correr? te traen un kit. te traen un kit. vienes tu playera y vienes de la tu número. y además, algunos regalos de los patrocinadores. ¿o qué? entonces, ¿un regalos? yo no sé lo que sean. ah, sí. nosotros solo... o sea, sí, dieron las chips. sí, sí, o bueno. en modo, esas chips que no se vendieron, terminaron siendo como publicidad. sí. pero esa es super bien, porque obviamente si te las regalan, te las coméis. o, bueno, yo... claro que me da como... no, que también te detenerlas ahí. ah, que cool. saben ricas. y ya empiezas a buscar sanati, donde se venden y sabes totalmente. o sea, la verdad es que es super bien. y aparte, es un costo, no les hay guardas. mira, bien, aquí está. o sea, era de que pasillos, ¿sabes? ah, súper guapa. ah, sí, bien, feliz. ah, sí, no te permito la compartimos. sí, obvio. sí, manda, verdad. y la ponemos aquí. no, yo te dará la raya. y que es. es una feliz, porque ya de que igual. tú, yo tengo una almacén de sanati. eso es que no entiendes. sí. mícuchera. no entiendes la vibra. no, yo te... no, y a ver, la verdad, pero... pues son cosas que aprendes. o sea, si no te equivocas, no vas a aprender. y no, totalmente. oye, y te podían como que mínimo tantas sanatis para entregar telas con el nuevo empaque. sí. o como tú dijiste, pues, compro tantas, o sea. sí, no, sí te pedían. o sea, la empresa que lo hacía, te lo pedían. pero llegó un punto en el que... o sea, ver, no fue o no ha sido a la fecha tan fácil a comodar esta nueva bolsa. hay muchos puntos que sí inquiriendo la exelo fan. entonces están amas. o sea, ahorita en el mercado tenemos amas. obviamente, si mandamos fuera de la república, solo es la metalizada. pues sí, claro. porque yo voy a asegurar que la persona recibe un producto... que... bueno. ...sigue estando bueno. o sea, no crees que el ofan no está bueno, sí? no, no, claro. pero que si la persona lo quiere consumir en una mes, demás, vas a seguir consumiendo algo completo... esas. una mes. no sabes, muy normal, o que sí... vas a seguir un poco sin parar. te vas a asegurar que sea un buen producto, y sobre todo, porque también hay esta imagen, ¿no? de la marca, entonces. sí. super importante. ¿oye, tienen como página web? solo instagram. está en proceso en la página web. está también padre como tener la página web, o sea, que también puedes periar como tu espacueto que te parece. sí. oye, nos he pensado cómo estar dentro. yo he preguntado aquí, ¿verdad? en retail, lo sa tipo... pues no en retail, no, a lo mejor no per... osa, costco, sam. y están en ese proceso y lo también te piden varias cosas, ¿no? chorro. a ver, claro que sí. obviamente siento que en cualquier empresario joven que quieras... aspirar eso, ¿no? pida a un costco. claro, sam. eso es siento como que llegar a costco que... o sea, solo te aligas. sí, costco, ¿verdad? sí, por supuesto. sí, no, totalmente, o sea. pero costco tiene unos requerimientos por algo de lo que es, ¿no? tiene unos requerimientos muy específicos. eto es claro que está en nuestros planes, claro que hay por ahí. vamos a más allá. o sea, ya toco, ya se afuerta. sí, ya te dije, ¿cómo más o menos que tiene que tener? exacto. oye, en estados unidos que es un consumista... o sea, sí. o sea, la verdad, increíble que te puede consumir lo que tres veces méxico. como, o sea, porque es más curioso, digo, no sé si ya exportan a estados unidos. porque sea, sea, me hace curioso que exporten a francia. es que es más fácil. estados unidos para leer los ojos. es un poco más difícil. ah, bueno, es que sí le pregamos. se ha, por ejemplo, a ver, hay que pensar que las chips que tenemos, que son tipo la de... o cualquier chip que tú exporte, que tú quieras poner, por ejemplo, en el fda, tienes que fijarte que tus ingredientes también estén certificados. sí. entonces, el polvito de la sal que yo voy a utilizar, no, o sea, tiene que ser una sal, que esté certificado. sí, claro. o el polvito de limón, tiene que ser un polvito de limón. se certificado. se certificado es una banero. el polvito de banero. justo. el fleming hot, igual, y sobre todo más por el... chimicos. el chimico del rojo. el rojo, ajo. que veis que ahora te está como super regulado. te llamatizado, sí. aja, sí, entonces, ¿saben cómo es sórbilo? o sea, no es tan sencillo. si fueras sencillo. ya estaré, no hay. sí, yo creo que hemos estado ahí, ya se mucho. no, no. o sea, como que, todos por pasos, no te puedes atravancar y hacer todo rápido. me dijeron, o sea, tienes que ir paso a paso y decir cómo a ver, si hemos logrado muchas cosas, y ahí vamos. claro, obviamente. y amazon, por ejemplo, tipo amazon o así, no se venda tanto comida, ¿verdad? pues sí. sí, pero... o sea, sí se vende, pero no lo... o sea, como que, esa puerta no le me va a quedar. no, no la he tocado. no sé, es lo tanto. ok, va. ok. sí, es que yo desconozco en el tema, o sea, como tal, procesos y demás, estoy familiarizada, pero como tal... de calimento. aja, alimentos, pero sobre todo, como medios de canales de venta. sáquen... aladis, distribución. y canales de distribución, exactamente. oye, pues no, que interesante. y ahorita, por ejemplo, cuantas papás tienen, cuántos, o sea, cuál es la diversidad? ¿qué flamenco? de productos. o sea, tengo las papás, tal, tal, tal, tal. y si tienes, aparte de papás, otro de snack. no, solamente son chips. y tenemos... a ver, sabores. o sea, es gica malimunizal, gica malovada, gica malflamingo, gica maljalapeña. a no mención de la alta calma, gica maldala. ya se, ya se. ya se, también, estudios como en un curso de las tuvemos pronto, en la setada. no, no, no, no, no, no. ya vamos a consumer, ya vamos a consumer. claro, vamos. cada vez. cada vez. es que debemos, por instagram, pueden hacernos pedidos ahí. sí, sí, sí. no. gica más altas negras. aja. papi no libonizar, pepina flamenco, coliflor que son deliciosas. cambote, adobado y vetabladual. oye, no, si tienen un buen de sabor. y también. deberías varias. y todas esas cosas. y por ejemplo, ya por último, los anero puertos y exportar. ella exportan todos los sabores. no solamente, déjica más, solamente tres sabores, pepinos y coliflor. son los sonicos. pepinos. aja, los demás, hace segunda que jalapeño y salsa a ceas negras son como los nuevos lanzamientos. ok. y esas todavía están como en prueba. sí. para después ya poderlo pasar a lo otro. ok. la misma. oye, no más así. a través de este tiempo, has pensado alguna vez como en rendirte la verdad. si, ayer. ayer. ayer. no me decís que como es esa respuesta. sí, es que no, pero no más es así. oye, no, chavo. sí, claro. sí, totalmente. ¿ajústua que venía? ¿te acuerdas que te va a morir? sí, sí. ¿no te va a cancelar este episodio? ¿por qué? sí va a acabar. sí, pero o sea, ¿por qué o como que? a ver, es que está linta broma. o sea, de verdad, está bien difícil. o sea, no es fácil. porque conforme vas creciendo las responsabilidades de la empresa van aumentando. sí, claramente. sabes, pues, ¿a tienes sobre tus hombros la responsabilidad de que tiene que salir el sueldo de tu equipo? sí. ¿no? que tiene que salir para la renta. o sea, ¿mentienes como todo eso? son gastos fijos. sí. o sea, como que, tipo, ahora compramos hace poquito una máquina, que es justo es notificadora y que cierra. entonces, ¿sabes cómo puso esto? pota madre. luego los mantenimientos. oye, ¿cuántos empleados tienes, ahorita? ahora, aquí en agua es dos. o sea, es que la producción no se hace aquí. ah, ¿qué? ¿ok? exacto. pues aquí en agua es dos y mi a medio. bueno, no, ya son tres. no, tres. jusacá, vamos a contratar una más. ah, no, pues está súper bien. sí, la verdad es que, o sea, como que tratamos de simplificar procesos en donde se manufactura y aquí llegan más como para los claros para lo que te sube. se le ente. oye, no, pues la verdad es que me gusta mucho el emprendimiento de pati, la verdad es que te felicito y la verdad. y es algo que yo creo que la varias marcas han hecho, no? o sea, el tema de las papas, pero no como tú, al darle, al gran, no sé cómo, al punto exacto donde tu papá es gelsi, es sana y aparte tiene un sabor rico, ¿de verdad? por ahí ven las cosas. no, pero no está también bueno. o sea, no. ¿dú crees que estás comiendo unas sabaneras? o sea, no sé algo así. y la verdad es que no pierde la esencia de la papá. o sea, que es lo que te gusta comer. o sea, te disfrutas comer. o sea, la verdad es que es súper bien. vamos a esta sección de mitos y realidades. y, pues, bueno, ya tú nos deras y es mito o es realidad en base a lo que has tenido experiencia hasta ahorita. y la primera, empezó yo, lo saludable es más calo. lo saludable. ya me contagió para ti. tú me llamo que es. no me quino que una vez. lo saludable es más calo. en comparación a que? o sea, por ejemplo, ¿tú crees que es comer sano? es más calo que no comer sano? pues sí. o sea, ver, te pregunto como comparación a que, porque muchas veces, ¿eh? ¿ah, es que estás súper calo y tú? ¿qué quieres todo? o sea, quieres un producto que no tenga tanto proceso, quieres un producto que sea natural, pero quieres un producto que cuesta súper barato. es complicado. sí. y a partera. por ejemplo, se le va porque el proceso de producciones diferentes, a un producto totalmente fuz de fast food, ¿sabé? y como la capitalización de mercado, no como no es algo que esté como tan masivo todavía. o sea, los cosas todavía no disminuviven. y por el volumen, no es también... vero, yo no estoy a favor de esa afirmación. ¿por qué? o sea, bueno, este es mi opinión, ¿no? está en el muy externo. lo comparamos, ¿no? sin honestos. o sea, ¿por qué? o sea, yo creo que lo saludable, la inversión es más alta, pero es una inversión. o sea, cuando consumes cosas que no son saludables, a la larga se deteriora tu salud, ¿no? y eventualmente gastas más en doctores, gastas más en... pues sí, en recuperarte, medicamento, en estar bien. totalmente. yo creo que es una carrera, la larga. o sea, la larga eso te termina costando mucho más. quedarte... pues sí, eso es consumir productos que te han... sí, te termino. o sea, y que no te vayan a ocasionar, x en enfermedad, a largo plazo. y por eso, yo creo que es más... es una mejor inversión gastar en productos saludables que en comida, chatarro. oye, yo una pregunta, tipo, o sea, en unas papas convencionales a las tuyas, hay mucha diferencia de precio. pues ya no tanto, eh. es que eso también es muy bueno, y lo quiero mencionar aquí. porque... o sea, si estás viendo que hay unas papas, y que no son... y que son... o sea, del precio parecido. y lo haja. sobriamente vas a consumir al gozano, y que también me gusta mucho recalcar lo ahorita, porque también, pues, te cuesta dos, tres pesos más. por decir un ejemplo, no sé. este... por la invierte los dos tres pesos, y no te sientes, o sea, mal de estar comiendo un té unas papas a gusto, ¿no? sí, por cierto. ya ver, y depende muchísimo de cuál sea tu finalidad, ¿no? o sea, si tú y yo se se quedaberno, pues, la verdad es que yo no quiero consumir una chips que me cuesta en 50, 60 pesos, la neta prefiero, consumir unos doritos que me van a costar menos, pero, bueno, o sea, creo que depende mucho. por eso te decía como en comparación a qué o quién lo dice, ¿no? o sea, depende mucho de la visión de cada persona. o sea, como se sabe, para mí es una inversión. pero tú lo dices así, ¿por qué? porque tú cuidas tu alimentación y cuidas tu salud. o sea, es ejercicio, porque si haces, ¿verdad? sí. no me ves. no, no, no, no. es pa de... pero lo haces, entonces tú lo ves de esa manera, pero una persona que no le importa y que no lo cuida, pues no va a invertir en eso. claro. lo va a ver como un gasto y no como una inversión. y la cultura en méxico, como la vez. o sea, al final del lete está lleno bien, y eso me da gusto porque sí hay cierta cultura. no, demasiado. es esta padre, porque también, pues, con vear esta cultura de comerzano, ¿no? la gente ya se preocupa porque comer. la verdad, o sea, sí. si, la has visto reflejado también en tu marca. a ver, yo lo he reflejado en mis ventas, pero también en cuando hablas con las personas. ok. o sea, hace poquito estuvimos dentro del torno de la amistad y verán los papás que llevaban con su hijo y que sea, no, no, prefiero comparte esto a las otras. los niños se quedaban, ¿no? y les gustaban, ¿sabes? claro. yo quedaba ahí. y, ¿claro? o sea, como que tú ves de que... o sea, que les gusta y que los papás prefieren darles eso, entonces, ¿si se hay que padre? porque tú como papá ya le estás enseñando desde un principio a elegir por lo que sí, entre a lo que... claro, lo educas, ¿no? o sea, que vea por sí mismo. totalmente. a ver, ¿qué opinas de esto? para emprender necesitas más pasión que capital. sí, 100 . necesitamos la lártea. o sea, lo que les decía hace lo que era tu. o sea, a ver, el dinero lo puedes tener, ¿no? pero si no lo disfruta, si no lo ama, si no lo hace mal. el día que pierdas un peso, ah, ya. a ver, no tampoco, verdad, pero... o sea, que sin esta es esa pasión que a los días malos te motiven a seguir adelante, me explicó. y, o sea, lo sé, es que estás acotada, que nos está aliendo, o sea, como les decía, la pincha máquina en un primer aso. ¿cómo iba a imprimir el lote de caducidad? porque lo necesito para leer el acuerdo. o sea, ¿cómo le voy a hacer? pues, bueno, ni modo, comprado otra manquina. sabes, ¿sabes? si, como te, como alemado. y... y nada, ¿sabes? si, no, sí. ¿cómo le hiciste? sí, la salizo. es tan hispana. y si no, súper bien. y no sé, súper, casi ni nada. no, súper bien. ¡sí, súper, si no lo recomendamos. sí. ¿qué nos juntamos el día? y sobre todo que, cuando emprender, es como esta carrera de... ¿qué tanto puedes solucionar? o sea, ¿qué tanto resuelves? ¿por qué problema es a ver? no. hoy mañana siempre. ah, lo chisimos. pero si, de verdad, dan más el proyecto, si, de verdad, dan más, o sea, ver, yo le digo, yo toda la vida es quise esto. o sea, de verdad es un sueño que la pati de chiquita dice como, o sea, y el otro, la es una amiga de que, ¡way! es que esto ya es real, mamón. o sea, pone la crema. sí, claro que no te la crees. ajá, y le decía, ¿sabes? y a mi novel, le decía que... guay, ya puedo tocar mi sueño. sí. ya está. ya estoy ahí rastando. no sigue aquí. o sea, ya tiene pie, o sea, ya es real. no está todo bien en el aire. sí, claro. o algo que digo... es espadre, sí. ¿y qué es lo que digo? es la pasión por ese sueño que tengo que me levanta un y cuando las cosas de plano lo están saliendo. sí. es de todo lo que no me han animado a darle. sí, no, a todo. sí. y si fuera fácil emprender y si fuera fácil todo esto, pues muchos emprenderían muchos. o sea, otra situación, también, sería la de nosotros. sí. a ver, ahí te va a la tercera. la gente quiere comer sano, pero no cambiar hábitos. pues sí, justo lo que les hablemas de que dice. no en verdad, o sea, muevete. no, o sea, si no es lábito de... el hábito de hacer ejercicio, el hábito de comer saludable, el hábito de tomar también agua. ¿claro? que son hábitos para dar un acompañamiento con la alimentación. no son los comes saludables, ¿no? sí, claro. y el marketing, cómo lo manejas de sanatía. o sea, cómo manejas el tema de marketing, o sea, cuál es la esencia de sanatía para en redes sociales. o sea, menjorar también eso o cómo manejas más el marketing en este que tema. o sea, literalmente lo que tratamos de compartir es que es parte de... o sea, que tiene que ser... parte de una vida saludable. parte de una vida. parte de tu vida. o sea, tú eres una persona que trabaja un chorro... bueno, te cabe una bolsa. sí. tú eres un estudiante. voy a te cabe una mochila. o sea, sale ese viaje, te cabe donde sea. ¿sabes? no, claro. que es parte... o sea, que una alimentación saludable es parte de donde estés y a donde vayas. sí. y que te acompaña, ¿no? ah, literal. es esta manera... porque luego también el tema de cómo se transmite, no sé si, bueno, no me jarras mentín, es muy clave para el consumidor. o sea, el consumidor como que si se queda mucho con la imagen que vio o con... por ejemplo, lo mejor yo no consumo, con tú, pero vi una imagen que me llamó la atención. que me hizo clic, ¿no? exacto, que me hizo clic. eso sí también, o sea, si les ha invertido al marketing en esta parte, porque siento que si es bien crucial, es muy clave. a ver, por ejemplo, mis amigas se renu... o sea, mis familia y así se renen, porque salimos de viaje. y yo, una maleta de chips. sí. ué, no puede ser posible yo. ¿por qué? pues... ach, mira. es que es un poco pedir. es que es un poco pedir. ¿tacuerdas de mí? pedir. y saben que es súper padre, o sea, y me encantó mucho cuando sacaste las chips en el diplomado que hicimos. ah, sí. tamos el diplomado y salimos al reseso. ¿y sacó sus chips? y así, siete manos al mismo. sí, sí. sí. es terrólido. oigan, pero me voy a... es que un día nunca sabe dónde va a vender, y eso vende. y que tú consumas tu propio producto vende. y que tú la vayas a llevar a un viaje vende. o sea, o sea, o sea, es que uno... a ver, ¿qué más allá? o sea, me gusta. sí, no me gusta. ¿y tú no lo has hecho? y tú no lo has hecho estratégicamente, pero te voy a decir que es estratégico. o sea, como que lo has hecho inconsciente, pero te voy a decir que es estratégico, porque al final lea te recuerda de que... y si no me acorda que las anates son buenísimas. o sea... ah, este... que bueno que trajo patillas y... y lo tienes en la mente del consumidor el hecho de que también consumes tú, le has a tus amigas en el viaje, en el diplomado, y justamente, pues eso... es como detector, no digo, no sé si ha pasado alguna vez, pero ahora te se me ocurre, ¿no? que si lo estás consumiendo constantemente y algún lote sale mal, o sea, te puedes dar cuenta, digo. siempre los pruebo. sí. no me ofenden. sí. oye, si es... bien, vamos. este es el nines, vamos. a ver, ¿cómo estoy en la bodega? la verdad es que ves todo. y veo una bolsa. ¿ve le voy a ver? ya hay que arreglo yo. bueno, echamos... ya me voy. y ya más les sentrí a yo. ay, la notas. es que no te pasa a mi... a ver, me estás dando mi me gusta mi productor. sí, sí. o sea, tibá ver, por ejemplo. la chips de metable, las vendó, porque es otra consumer, pero... sí, sí. es la única que digo, oye, me encanta, pero porque no me gusta metable. ok, ok, ahí. pero todas, además, veas, se me hace agua en la boca o se le di. sí, a mí también, eh. y cómo pasa ese filtro de calidad? nunca has tenido un reclamo... nunca. oye, qué bueno, eh. porque también eso es muy delicado, cómo... no, nunca. la verdad es, ¿no? nunca, gracias a dios. nunca ha habido alguien que diga, no me gusta, no salio con eso, no es que... no. ay, pues qué bueno, no la ver la neta. sí, sí. oye, mira, vamos a pasar otra sección que se llama el pitch imposible. prepara, te mi patís. es que he puesto un video muerte. ah. no, mira, el 60 segundos no que buscamos. abansar. y que le le le... met. siguiente de por lo. omitir. mucho. no, no, no. aquí es lo que buscamos que en 60 segundos nos vean a su producto, ¿no? o sea, que no lo le está a conocer este... no, soy un buen suyo. chagy piquida. no te... resuelve todo, chagy piqui la... la chagy piqui por el que neta. la mano es por siempre. pense que me pregunto que me dios un texto para leer. al cabo es mi asistente. es un segundo. pero te ha besitido que es un mal, porque algo me redacto. yo voy, no puede ser posible. yo animaré. las personas se han despagado en una persona para que se lo hicieran. yo pago chagy. claro, totalmente. y la neta. pues, ¿qué resuelve todo? la verdad es que... pues, mucho, mucho. todavía no puedo. sí, no todo, pero la verdad es que sí, o sea, eres más productivo. o sea, hay veces que tienes que redactar algo formal y así. entonces, como que, a ver, chata, ayudame y te redacta. super bien. ¿sale, ¿pones que tienes que tener eso? ¿de verdad? obviamente tienes que tener un buen prompt. o sea, ahí en casa tienes que tener un buen prompt para decirle bien, bien, bien, que lo que me... ¡adiós! lo que quieres, para que te lo arrojen. todavía no le mentis. sí. ojalá pronto. para facilitar todo, bien. ya sé. al vio, mate, anemate. bueno, son chatas de mundos. y a ver, lo que... ¿somos a ver, ¿qué tengo que hacer? lo que buscamos es como que tú estás en un elevador. y, o sea, está ideología. ¡ah, qué fueses nerviosa! ¡no! o como se les tuve las vendiendo a cualquiera. ah, bien. o sea, ¿se cuenta que le quieres vender a roya ahí? sí. y a la otra de cámaras. para roya ahí. el hecheque, ¿por qué debería comprar una zanati? ¿cuáles son tus productos? ¿y cuáles son los beneficios? o sea, como lo que tú ya sabes y por qué las disfrutas transmitirlo. o sea, sí, pero no lo mismo deciron en frente de una cámara de que olas, pero bueno... sí, no, no, no. ok, va. bueno, si me trabo, le damos siguiente y escribieron por instagram, sanatim x. ahí tenemos... no, bien. ¿a sus parte de... no, no, no, no, no, no, no, no, no, no, no, no, no, no. está contando el tiempo. ¿tiempo ya? ay, no, me chuca ser esto. ¿cómo... no? muy tensón. sí, súper la verdad. bueno, a ver. hay un, en dos, tres. hola. no, a ver, ya les cuento. nuestra chips están hechas a base de verduras. hícama, pepino, coliflor, camotibetabel. todos nuestras chips son hechas con ingredientes 100 naturales y los mejores que no tienen conservadores. tenemos en vioza toda la república, como ellos dicen la verdad es que están deliciosas. nos respaldan 8 años y actualmente pueden hacer pedidos por medio de instagram, bueno, redes sociales. y listo, oh, whatsapp. se le ente. ¡adiós! ¡no, no, no, no! ahora sí. ¡soy perfecto! ¡ya resuida! ¡sí, que ha! esperen, se dejen tu amor. ¡aqués, salos! ¡aqués, salos! sí, me amagan. sí, la necesidad. a ver, es que es súper diferente cuando lo dices que frente a una persona que te está viendo, porque si lo hecho muchas veces, que a una cámara de casa. no, la verdad es que sí, la cámara luego intimidad. quien sea que me estés escuchando viendo en estos momentos, compres a la gente. no me busguen, esto es parte del proceso. esto no es parte de mí. ah, no, la verdad es que sí, o sea, es muy clave. hay en casa que tengas su pitch imposible uno nunca sabe cuando le puede tener esta oportunidad con un inversionista que le quiera vender y venderle la idea y todo. y la verdad es que me gusta mucho este, o sea, como que esta marca, que también tú como dueña, genuinamente te gusta. entonces lo transmites mucho. claro. y a veces que te des a confianza de querer consumir tu productor. o yo. la verdad es que es súper clave y lo recomiendo mucho. a ver, lugares en los que vendemos luego yo guió, me asuna, y ya me queda viendo yo. es que no me por resistir. yo comprando mi propio, yo comprando mi propio y vendiendo. y la verdad es que eso está súper cool porque genuinamente te gusta y sabes que o sea, no lanzarías un producto. sí, claro, no te gusta. yo no, o sea, es lo que les digo, o sea, para que esto funcione te tiene que gustar. si, si, te va a amarlo. tienes que amarlo que haces lo que venden, lo que pruebas. entonces, digo, desde ese punto no hay temor, porque amo mi producto, amo mi empresa, amo a mi equipo. entonces la verdad está muy cool. pues, muchas gracias. es un patino. es muy precioso, ¿eh? hoy vamos a pasar a la siguiente sección que es sin filtro y como saben, ahí en casa que amo esta sección, sobre todo porque vulnerabiliza mucho a los emprendedores empresarios que están aquí al frente y que puede usted ahí en casi empathizar con cualquiera en situación, es situaciones circunstancias que nos pasan en el camino, una mala decisión, una variante externa, que tenemos que obviamente enmendar y ver cómo poder solucionar esta percanza. entonces, pat, ¿qué situación crees que te pueda venir a la mente y que muchos allá en casa puedan aprender de esta situación? porque, pues, nadie es perfecto. o sea, todos cometemos errores, o sea, me incluyo todos. y, pero que luego, ¿cómo lo enmendaste y cómo seguiste adelante? y, jolabé, yo creo que uno de los errores fue la bolsa. o sea, haber sacado la bolsa mentalizada, sin haber hecho un previo estudio de mercados. como que yo la vi muy bonito, dije, si esto va a ser un éxito. y como que no hubiese el estudio de mercado correspondiente, como para poder lanzarla. y, claro, que ha sido algo difícil. o sea, me hagan saber más, pero no tan fácil, lo fue el éxito. entonces, fue uno y, claro, que mientras eso pasaba, pues, a ver la inversión fue enorme. ¿qué hicimos? entonces, como que eso yo, yo, y no hubiese mejor venido todo de que, en la camioneta que tenemos en el aparto, todo lo que tengo y pago y listo. o sea, mejor me quedo, como, dame, te trabajas. todavía, como godin. pero luego, esa no, a ver, no se te olvide que es tu sueño. o sea, no se te olvide que tú siempre es credido esto. o sea, que es trabajas porque tú lo quieres. o sea, o muy seguido me digo, no, no, digo, güey. es que tú es muy entadnada. no, no, no, no, no, no, no, no, no, no, no, no, unito, unito, unito, unito, unito. sí, unito. entonces, creo que eso es algo que digo, no aventarse algo, como es el principio, no te apientes sin un respaldo. si no hemos sacado la página en línea, es porque estoy todavía en ese proceso de decir de que okey, vamos a lanzarla a la tienda línea, pero estoy segura que el día que pague para que se haga es porque atrás trae un respaldo. sí, sí. sí, estás ahorrando y entonces hay una estructura, exactamente, como para que lleguen los tiempos. ajá, yo sé que lo que va a tener mi página web tienda en línea, me va a funcionar para aumentar las ventas y no va a volver a ser una... bueno, no, si una seguirme se va a lanzar todo la bolsa. no, es que es una inversión, claro, es una inversión, pero siempre las inversiones son buenas, ¿no? entonces, para poder hacerla segura, pues tienes que tener un respaldo. claro, totalmente. y verlo, no como un gasto, sino pues el día de mañana que ya saque la página web, va a ser una inversión, pero estamos seguros que ya hicimos la página, sabemos cómo va a ser amigable al usuario y poder usted tener los canales de difusión para que pueda entonces ser una inversión y tener ese retorno de inversión para vender más papás en todo méxico y en todas partes del mundo, pues bueno. y poder la cumplir las pecadillas al cliente, ¿no? exacto, también, ¿no? sí, eso. ¿qué más hiciera pregunta? se me ha olvidado. ¿cuál pregunta? no, era como un error que subiste. y cómo venmentas. es que es un error, pero no tiene la pata. o sea, y cómo vengan a ti para que entonces allá, afuera y en casi tal, que les pueda contribuir eso a su emprendimiento, a su empresa y que lo puedan tomar en cuenta, ¿no? sí, sí. eso, yo diría que eso. o sea, que cualquier decisión que tomes, que esté respaldada por algo que digas, ok, es una buena decisión. no lanzarte a hacerlo. sí. pues porque no es algo fácil. o sea, no te estás lanzando a saber si compras un tipo de silla o otro tipo silla. no, o sea, estás invertiendo. y es dinero, ¿no? y es dinero. sí. no, muchas gracias. literal. sí, sí. mira, ahora pasamos a la parte final. no. no, pero mucho gracias. este, aquí lo que buscamos es un consejo. otres tips que quieras mandar ahora sea aquí en lo que está escuchando y para nosotros también digo, hablarás que a nosotros nos nutre mucho escuchar. siempre a quien invitamos. ¿qué? este aprendemos mucho. entonces, si nos puedes compartir, no es un consejo que algo que tú consideres o tres tips que quieras compartir. a ver, a mí me encanta una frase del caradador de nike en su libro. sí, sí, lo pueden leer de algo. y literal dice que él lo dice mucho de qué pase lo que pase nunca aparez. ok. y la verdad es, cuando yo leí el libro y leí esa frase, se me quedó súper agradada. y diga, ¿te que viste a la película? no, pero la película es del de jordan. sí. y está el libro de toda su historia. el maquina aquí, como tú. o sea, verles, voy a decir la verdad. el libro es una cuando yo le empecé a leer. me lo resumo, chachipiti. no. no, no, no, no. y la chachipiti queda resumen, es como. entonces. no se tareas, chavo. le pido resumen, es chachipiti. a ver, es una estelebra, oye. cuando empecé a leerlo era cuando justo empezaba un poco con sanatil. ok. entonces, como que en la tapa en la que él se empiezan deudar un chorro, yo no estaba endeudada. bueno, no yo, sanatil, no estaba endeudado. entonces, como que yo lo leí a ellos sepada. entonces, cuando llega la parte de endeudamiento, justo sanatil empezó a invertir demasiado. entonces, empezó a tener más deudas. o sea, ¿se hacía líneos? está con el libro. no, sí, ve. no le he terminado de leer, porque me da miedo decir. ¡jud! ¡ya, bien! no, he terminado de leer. ¡no, no, no, no! ¡no, no, no! ¡no, no, no, no! ¡no, no, no! ¡no, no, no, no! ¡no, no, no, no! ¡no, no, no, no! que bró nos absorbieron. no, no, no. ¿sí? nike es un super ejemplo claro. sí, sí. pero a ver, ha visto la historia de él de que él se va a japón, él sueña con el nombre de nike. ok. o sea, el nombre sale porque él sueño de que nike, y yo dijo, ¿cómo se vaya a llamar nike? que loco. sí, súper. entonces, como que la... entonces, cuando empecé a leer el libro, ya lo voy a seguir, porque ya tengo que saber qué es para salir de las deuda, para ver si sigo muy bien. a ver si. ¿para qué siga? ¿sabes cómo que se le hace como spoiler de la vida de prensa, yo? estar reacando la vida. sí, no sé cuánto tiempo, ¿eh? de que en deudado no sé si va a ser lo mismo. pero justo esa frase de que dice que pase lo que pase, no parece, es como, ¿véis? super cierto. o sea, puede haber momentos super retadores, puede haber momentos en los que, de verdad, a ver, porque les juro que yo he reído, he llorado, o sea, de verdad, todos los sentimientos que puede existir y emociones, las he tenido, la que tú quieras. sí, claro, claro. la que quieras. que es una montaña rusa de emociones, uno cuando emprende un día, puede estar. no manches el pedido que me llegó. y al día siguiente, no manches la deuda en la que estamos. o sea, es loco. es hermoso cuando se te olvidó cuanto de vez, pero... no es lo que yo lo hago. no te acuerdas de tu. no, no, no, no, no. segundas, pero la verdad, ¿acuérdese? sí, sí, sí, jale. entonces, como que va de la mano eso de que no parez y también no trode que en esos momentos, en los que sientas que no puedes más, recuerda que antes creaste ese grupo de personas que te soportan. o sea, y no soportar, que a jalegué te estaría aguantando. sí, no. sino que son tus soportes. o sea, yo estoy extremadamente rodeada de gente que no para de apoyarme. o sea, mis papás, mi novio, mis hermanos, mi cuñada, mis amigos, mis... o sea, tienes una red de apoyo muy fuerte y muy grande. pero increíble. o sea, de verdad, es que cualquier cosa que yo hago, tengo un club de porristas de fans impresionantes. y eso es padrísimo, porque también cuando... o sea, las buenas todo mundo está verdad, pero en las malas, llega un punto donde te estás abogando y dices tú no invete. claro, o sea, un amigo. ahora que estuvimos en el tono de la amistad todos los días, porque es un... o sea, de verdad, fue un reto enorme. esa, pero todos los días, mis mismas amigas, a mi novio estuvo de que hay pedido de cañón, mis papás, mis hermanos, pero... las mismas días y los mismos amigos, todos los días preguntándome. ¿cómo te fue? ¿cómo vas? ¿cómo te sientes? ¿qué paltería? y es una papacha paltería. y es una verdadera... y eso, o sea, entonces, mis recomendaciones y trazos. pás de lo que pasa, nunca pared. y rodeate de gente que sepas que te va a estar... que te sume, claro. que te sume y que va a estar siempre... atrapándote en esos momentos de que no poma para volverte en mujer, es que, o que ya te escuchas. ya te escuchas, pero de vez o no. sí, pero... esa es suficiente. sabe que se ha hecho tan que te quiero si está de la fregada, pero, pues, a evas de nuevo, amiga. se va a leyorar, pero ánimo. no, pero de la verdad. sí, la neta. sí, oye, oye. vamos a seguir llorando, entonces, ¿de qué se te había? pues él quiso se me pone cabro. sí, bueno, se pone cabrociera. ¡ah! esto es la vida, no se le hace. ¡ah! ¡ah! ¡paternasi! ¡no! oye, ves que digo, dios, si te porfis, llevame, pero regresame. sí, es lo que... una sorita. sí, sí. se que ya cuando pase todo regresame, pero llevame, por favor. pero no, es que sí se me encarga la neta. y yo también creo, o sea, ¿vives todas? es que nada te prepara. se me ha salinado, te prepara. y por más que alguien te diga, o sea, es difícil aprenderlo en cabezas géneras. por más que alguien te diga, de que vas a sufrir, vas a batallar, vas a pelear todo. o sea, en etanote preparas, hasta que lo vives y se espota a mare. pero tienes que tener el chip de pochina, la chica de chica de la carne. pero tienes que percisir, percisir, y todo. ¿pero es? ¿cómo los aviones? totalmente. o sea, meta, no parez. o sea, no tienes otra. aparte, como que... ahora... como que lo decís, les he advertido tanto. ¿qué vas a parar ahorita? claro que no. ya no puedes. ya trae... justo les decía eso. o sea, que ya trae ese vuelo que lo se abuel. pese jugando el empresario. ahora ya no es juego. ya es juego. ya es juego. ya, esta madre ya está avanzando. ya no se puede parar. ya no puedo. o sea, ya no te puedes bajar. sí, sí, sí. o sea, si frenas va a ser peor, que sí, sigue, después ya sigue. igual bajarle a la velocidad. pero... ah, no. totalmente... y patela, verdad es que a muchísimo gusto tenerte a quienes te poscas. la verdad es que luego ves amigos... este, como tal, pati, pues, también es nuestra amiga. y luego ves estos amigos, como le he empezado anterior, que comentábamos... que empezaron también por un sueño, empezaron también en la cochera de su casa. y empezaron también con una idea y el hecho de que ya están logrando cosas increíbles. o sea, que te vuelas a la cabeza y que a lo mejor si, a pati, de hace unos años, lo dijerás. hoy, pues, no te vais a alemania vas a vender en francia de rías. hay un poco si, o sea, como que... sí, sí, sí, hace como absurdo. y también siento yo, y que me llevo mucho de este episodio, el valorar cómo el esfuerzo que has hecho. o sea, mucho poco, es esfuerzo. o sea, lleves un año, lleves dos años, lleves tres años. todo cuenta, todo vale. las desveladas, las lloradas, las risas, las anegutas, o sea, la verdad es que... pues venimos aquí, no vas a un rato divertir. no, si luego ya nos vamos. sí, sí, entonces... sabentarse el hecho de... aventarse en el sentido de que va... o sea, pues... me da mucha risa que lo dice, pati. no soy aventada como que tengo algo seguro, pero déjaste alemania por sanati. sí. entonces, es algo que, al final del día, un factor común a la emprender es a ventarse. no siempre va a resultar bien. hay veces que te va muy bien. hay veces que te va a ver muy mal. o sea, pero vale la pena cuando tienes esta pasión, este sueño que tienes ahorita. y que siempre has tenido. y que el hecho de hacertele a la ti, te hace no pesar que no pese tanto. sino que... no, o sea, no me voy a hacer desleal a mí. voy a luchar por mis sueños, porque si no lo chuyo, quien va a luchar por mí. mi gusto es, como a ver, si no estoy defraudando nadie, me estaría defraudando a mí, que peor que defraudarte a ti mismo. no, no le ve tal al a mí, no me voy a hacer. sí, la mente. y aunque nada te he hecho por las poslaves, esto que acharte la fissón o la letra de aquí. ¡araí! ¡araí! sí, a veces te digo, andale a mi hija. ¡purpa delante! ¡ya! no, sí. no, y también yo quiero agradecerte mucho primero por tu tiempo por darnos la oportunidad de escucharte por compartirnos, pues sí, la historia de esa nati de ti. y totalmente concuerdos, o sea, hay que chingarla y que echarle gana, si pues nada, o sea, no te detengas, y por más que te tropieses, pues se vale, o sea, se vale cagarla y reinventarse tampoco es malo, pero pues hay que presister y echarle gana. y mucho gracias en serio. no, o sea, les he recorregido. espero te han gustado. sí. ahí, aquí pasé un ratito con vos. ah, sí. y pues, bueno, nada más agradecer. bueno, aquí vamos a poner todas las redes sociales, también de pati sanati, sobre todo más bien de sanati, y para que la sigan y demás. y agradecer a bgm arquitectos, porque la verdad es que no están prestados, lasaciones han portado increíble. sí. hacen proyectos increíbles, vayan y sigan los. y ya saben que esto es con alianza, con newsweek, newsweek, una prasa. sí, muchas gracias. ¡uy! porque si newsweek no estiría este podcast, le doy la historia. sí, estiría. y yo no te más. existería. no te más. la verdad es que muchísimas gracias, newsweek, a los calientes, sigan los centradas de las redes sociales, ponganse y suscribir campanita. y compártanles a este episodio y todos los episodios a la gente que crean que le pueda construir, y que estén prendiendo, o que ya es empresario, todos los ponentes aquí los ponemos con el fin de que puedan llevarse una aprendizaje. y él va a decir, aprendimiento. sí. la verdad es que no te parece. pero acá vamos a crear nada. me jistó en la raé. déjame comenzar. yo siento optimista. no te hay que ya. optimizando. optimizando las palabras. yo siento optimista. hay que guardar el tiempo, el tiempo. ¿qué es eso? no dije, dijo un chico de nada. agree. cado y nada. sí. sí. y pasaron muchísimas gracias. nos vemos en el siguiente episodio. chao. adiós. y porque ya lloramos. ay, sí, cierto. y porque ya lloramos. ahora reímos. ya se vren la espinosa. yo soy sara finuriarte. y esto es sara. sara. gracias. gracias.",youtube,audio
"cantidad pequeña de alimento que se toma para reparar las fuerzas. esa es la definición de refrijerio, de snack, de tempri, o de cualquier término que queramos utilizar. bienvenidos a todos. soy jesús sierra. hola, saludos. soy isabel belavstegui. y esto es vida potencial y hoy hablamos de refrijerios. ¿y sabéis, ¿estos? ¿tema que queríamos cubrir este tiempo, ¿no? sí, porque es una cuestión muy práctica que despertad dudas a muchas personas. quieren hacer una dieta saludable, llevar un buen orden de comida en su día a día y se encuentran con la dificultad de que tomar de merienda, de almuerzo, de esa comida que se hace entre horas, de tempri, colación, todas estas términos. que lo decimos porque, claro, en cada zona del mundo se llama de una manera, incluso dentro de un mismo país. entonces, bueno, para que sepáis, a que no referimos, es eso. esa pequeña comida que se toma entre las comidas principales. lo que ocurre es que antes de dar ejemplos, pensamos que es interesante aclarar a una cuestión fundamental, que es, hay que hacer un refrijerio, hay que tomar un dentempie entre horas. que supoco pensar desde cero, no dar por supuesto que lo que hemos venido haciendo, debemos seguir haciéndolo, puede ser que sí o puede ser que no. entonces, también plantear esa posibilidad a mucha gente que quizá está tomando refrijerios y puede decidir después de escuchar este podcast, que quiere dejar de hacerlo, que quiere hacer una transición hacia hacer un número menor de snacks durante el día. sí, y lo contrario puede que también se debe, porque estamos viviendo una cierta polémica en este tema, de ese movimiento pendular del que hablábamos, de que sea promulgado durante mucho tiempo que hay que hacer cinco comidas al día o seis comidas al día. y de pronto hay una corriente que dice que no, que hay que comer solo una vez al día o dos como mucho, y que pasa, en que extremo me encuentro, porque yo no lo tengo claro ni para un lado, ni para otro. hay personas que dicen sus que yo no me encuentro bien, si hago esto o lo contrario. bueno, pues vamos a aclarar, vamos a intentar aclarar esta cuestión, que genera ahora tanta duda. entonces, a rojar un poquito de luz, ¿no? para que, bueno, dependiendo que nos escuche, pueda decidir que quiere ir hacia un lado o hacia el otro. eso es, porque la respuesta, así hay que hacer un temtem pie es, como muchas veces, en nutrición, que depende, que sí para unas personas y no para otras. sí hay que hacer temtem pie, por ejemplo, según la propia definición de la palabra, hay que recuperar la energía cuando no hay fuerza, cuando se siente un bajón muy importante, incluso de energía mental. no me concentro bien. estoy como con una especie de niebla mental, incluso de mal humor. no sé qué me pasa, estoy apagado. pues puede que te falta energía, que necesites repostar y llenar tu vehículo humano de combustible, porque te está fallando. hay que hacer una pequeña comida, si todavía no vas a poder hacer tu comida principal. ocurre también en personas que tienen picos de hambre muy intensa, que realmente es que no lo pueden soportar, tienen que comer, porque se enten esa punzada que les obliga, que les saca de esas horas de ayuno o de periodo entre ingestas. por ejemplo, que van a entrenar y saben que como no coman algo, les va a dar un bajón, tienen que tomar un temtem pie. y esto es porque les falta flexibilidad metabolica, porque su cuerpo no tiene la capacidad de recurrir a la energía que tiene guardada, almacenada, en forma de grasa generalmente, y entonces necesita incluir un combustible de que más rápida, por ejemplo, recurrir a la fuente de la glucosa, que es mucho más fácil acceso. entonces, en estas personas sí hay que hacer un temtem pie, porque está claro que lo necesitan, porque hay que rescatar a su cuerpo esa falta de energía, pero la cuestión es que hay que resolver la causa subyacente, que es esa falta de flexibilidad metabolica. entonces sí, vale, hacer temtem pie para aguantar la transición mientras tu cuerpo va siendo capaz de desarrollar ese acceso a la energía almacenada. o sea, como una estrategia transitoria, vamos a decir, ¿no? exacto. ...es que son capaces de enseñar a su cuerpo, enseñar entre comillas a que utilicen las grasas como fuente de energía, ¿no? eso es. que esa forma de energía mucho más sostenida y mucho más estable. eso es. o incluso una persona que sí, que tiene una buena adaptación metabolica, está bien, pero un día puntualmente siente ese bajón, pues, que tome una pequeña cantidad de elemento para rescatar, para salir, para reponer esas fuerzas. y luego, para mí, está el otro grupo de personas que necesitan hacer estos snacks o refrigerios, de tempies, que son aquellas que sienten mucha ansiedad por la comida, que en general están haciendo un cambio de dieta desde una alimentación no saludable hacia una, más saludable, más ordenada, que han seguido una dieta muy recancarboidratos simples, en azúcares, o en alimentos procesados, que son nocivos que les hacen daño. y solamente pensar en que tienen que pasar horas, sin comer, hasta la siguiente comida principal, les genera mucho agobi, mucho nerviosismo, ansiedad. y eso les hace pasar lo mal y además, pues, caer en recurrir a lo primero que encuentren para calmar ese otro vacío o esa otra necesidad físicamente al emocional. entonces, en estas personas, por ejemplo, aunque la meta final sea que hagan una o dos comidas o tres comidas principales al día, según la necesidad de cada uno, el pasar por las cinco o seis comidas al día, haciendo esas pequeñas tomas entre comidas principales, les ayuda mucho porque les da orden, les da estabilidad y les da la calma de saber que hay que aguantar solo un poquito, porque dentro de minutos unas pocas horas, ya voy a poder tomar algo que me va a servir de apoyo para aguantar otro tramo horario hasta la siguiente comida principal, donde ya como bien, ya rellenó mis depósitos y de nuevo, luego, un periodo cortito, aguanto, tomo mi comida pequeña, otro periodo como si fueran muletas, que sirven para ir dando esos pasos más difíciles al principio en ese tránsito hacia una alimentación más saludable. en estos casos ayuda mucho, contar con los tembias. un poco esa certeza de ser capaz de entender que es la incertidumbre desaparece, que si se toman la primera comida al día a equisoras, que dos horas y midias después va a comer un poquito, que otras tres horas después va a comer un poquito, que cualquiera que nos llegan hace tiempo sabe que no es que necesariamente defendemos eso, pero que es un proceso transitorio que puede ser muy útil para mucha gente, es lo que viene a decir. lo que no quiero es que la gente saque esto de contexto y diga que decimos que hay comer seis veces al día, esto es una estrategia transitoria que igual hay quien esa estrategia transitoria necesita por el amprática durante mucho tiempo, puede ser, puede ser, pero que es una estrategia transitoria. tanto para, perdón, no. quería decir que también es verdad que hay casos excepcionales de personas que tienen una dificultad metabólica en el manejo de las grasas, que dependen mucho de los carbohidratos y eso las obliga a comer cada pocas horas. son casos excepcionales, no es la mayoría que sin embargo lo que vemos en la mayoría de la población es esa necesidad de comer cada poco, pero es porque estamos mal entrenados, entonces hay que hacer ese reentrenamiento para conseguir esa estabilidad energética, esa buena adaptación metabólica que nos permite soltarnos de la comida, liberarnos un poco. lo que dice estuvo esa transición hacia esa manera de comer. lo otros son casos excepcionales, esa necesidad de comer cada pocas horas, porque si no, mi cuerpo no aguanta, existe, o sea que tampoco decimos aquí que nadie debe tomar la entenpiesa, porque eso es malísimo, no, es que si lo necesitan deben hacerlo. lo que pasa es que hay que saber que eso es algo excepcional, que son pocas personas. en general, si tenemos una buena estabilidad, sobre todo en los niveles de glucemia, de la glucosa en sangre, si tenemos una buena flexibilidad metabólica, esa capacidad de recurrir a la energía que tenemos almacenada, principalmente en forma de grasa, no necesitamos de entenpiesas. si hemos hecho buenas comidas principales, que nos ayudan a tener esa estabilidad, energética y estabilidad de la glucemia, y estamos bien nutridos, aguantamos perfectamente horas, entre una comida principal y la siguiente, y no hay que hacer nada en medio, no hay que meter, ningún entenpien, ningún snack, no hay que pico tear nada. aguantamos y luego comemos bien. hay que tener muy claro que es hambre real y que es sensación de hambre, creo que me apetece o que es hábito, como decías, si vamos a comer porque ya toca la hora de la merienda y mi cuerpo me está diciendo que sí, te está diciendo de verdad que tienes que comer, que es una necesidad real, o es que ha aprendido que a tal hora toma salgo y entonces ya se están dissipando, eso es importante. claro, un periodo de también de entrenamiento, incluso para una persona que no necesariamente tiene una disfusión metabulica grave, pero el hábito hace muchísimo, entonces también es importante forzarse un poquito, forzarse un poquito, ¿no? esto es seguro que hay casos en los que no conviene que no la crea la gente no lo ofrece, pero la mayoría de las personas al final hay una componente de hábito muy fuerte, entonces también forzarse un poquito, pues tampoco pasa nada, nos acaba el mundo, ¿no? nos acaba el mundo por un día, aunque por un día, o empezar a hacer una merienda cada vez más ligera y de el que tu andé a quitarla y joes que tengo mucha hambre, bueno pues te aguantas, te aguantas, ¿no? para muchísima gente te aguantas no se va a acabar el mundo y no se va a morir, la mayoría de nosotros no. y de hecho van a descubrir que tienen mucha más capacidad de lo que pensaban, van a activar inconscientemente una serie de recursos físicos que potencia en su salud y su longevidad y van a poner en marcha esa maquinaria de aguantar mejor sin tanta enganche a la comida, en anche físico y emocional. un truco por ejemplo para eso es cuando notas que viene la señal de hambre y piensas que puede ser engañosa, que igual no es del todo falta de energía, es ya hábito o ganas o que estoy pensando en la merienda, ese me petece en ese momento beber agua, un buen vaso de agua y de ratarte, tiene un mecanismo mecánico de llenado del estómago y además psicológico de que estás introduciendo algo en tu cuerpo, estar rellenando ese vacío que toca vayanar a esa hora y de pronto te das cuenta de que bueno pues si pasó esta hola puedo continuar hasta la siguiente, voy a ver qué pasa y alargas un poquito más el tiempo en hay unas. eso es muy positivo, ayuda mucho, es muy saludable cuando se hace en condiciones saludables y merece la pena entrenarlo y probarlo y probarse, a lo mismo no, reterse y superarse, eso es un buen truco. entonces, ¿quién sí, quién no, esos dos casos? sí, yo diría que deben hacer de entempié las personas que sienten esa caída de fuerza, esa falta de energía, esa necesidad real, sólo que esas personas tienen muy probablemente una falta de flexibilidad metabólica que hay que cubrir, hay que trabajar y las personas en el proceso de cambio hacia una dieta saludable cuando no tan que tienen como mucho orden, mucha ansiedad por la comida, necesitan agarrarse a esa muleta que es introducir un tendempié entre horas y no lo tienen que hacer pues que en este era una buena estabilidad de energéticas, se encuentran bien físicamente, emocionalmente, tienen buena flexibilidad metabólica, estabilidad, quieren probar el ayuno, vein que cuando ve ven aguas el espacio, pues no lo necesitan. ¿tú te aventuraría a decir que el objetivo último de la mayoría de la población de que hay personas que no tienen problemas de metabolización de las grasas, por ejemplo, como apuntaba antes? la mayoría de la población, en el 90 y muchos por ciento de la población, te aventuraría, aventuraría a decir que el 90 y muchos por ciento puede llevar una vida funcional y normal sin tomar snacks ni refrigerios ni colaciones ni nada de eso. sí, estamos diseñados para ello, hemos evolucionado gracias a ello. lo que pasa es que necesitamos para lograrlo una buena alimentación saludable y tener esa estabilidad, esa flexibilidad metabólica, esa capacidad de recurrir a nuestras capacidades, a nuestras propias reservas. y eso se conseguía también con una vida en movimiento, quiero decir que incluya la actividad física, el entrenamiento, el descanso, la práctica del ayuno intermitente. pero, ando, voy con esta pregunta para transmitir la idea de que incluso hay un grueso de la población que ahora le resulta casi imposible por esta falta de flexibilidad metabólica o por que se ha hecho un periodo transitorio hacia una alimentación diferente y están en ese periodo de entrenamiento en el que realmente es que les cuesta mucho, que no pueden, pero lo que quiero es que entiendan, que el fin último es que no es necesario, más que en momentos puntuales. a no ser que seas o pertenezca, sea ese pequeñísimo porcentaje de la población que vamos a ser honestos, si por definición, si es pequeñísimo porcentaje, la mayoría de nosotros no está ahí, habrá casos que sí, pero la mayoría de nosotros no. entonces, el fin último podría ser acabar no dependiendo de snacks de ningún tipo, aunque sean saludables, como vamos a ver ahora. sí, eso es, sí, sí, yo lo creo. y además, bueno, lo creo y lo sé. es biología. es biología y esa experiencia clínica, vamos, lo he experimentado en mí, misma y en muchas personas. entonces, también hay que cambiar esta visión, es que yo soy así. ¿eres o estás? exacto. que sería esta roja. hay que ir a parario. yo soy así, bueno, es así, ahora, pero puede ser de otra manera. claro, a lo mejor de hecho eres de una manera está tapado por hábitos, por ideas erróneas, por desinformación, te has convertido en algo que no eres realmente y cuando lo destapas, sí eres lo que eras. es el proceso también tan interesante de la alimentación, porque nos conecta a muchas cosas y una vez con, pues, sacar nuestro potencial, no es transnatural, es a vivirle, descubrirla. y en esto, hay mucho, también es un proceso largo y hay que tenerlo en cuenta y que en que era llegar ahí o quien esté en el camino y, digamos, no, no, es imposible, porque yo lo he probado y no puedo, pero continúa, porque salvo ese porcentaje bajo de la población que tiene un mal manejo de los hidratos de carbono y es un porcentaje muy bajo, salvo ese grupito de personas, las demás y que podemos y merece la pena probar y entrenar y perseverar, e ir dando pasitos y los pasitos empiezan por un cambio de alimentación, pero por una buena hidratación, es importantísimo y muchas veces menos valor. en la práctica amable y cotidiana que sea un continuo de la hay un intermitente, el ejercicio físico, el descanso es esencial también. todo eso nos va llevando a poder y a poder es descubrir que somos otra cosa. me ha gustado muchísimo eso de no eres así, estás así, todo eso. me ha gustado eso, es cierto. y aquí también tengo que hacer un poco de polimalo cuando la gente dice que lo he intentado o no les he intentado cuánto, dos días. o sea, que dos días intentaste no tomarte el pincho de media mañana y dos días tuviste mucha hambre, pero me claro, evidentemente, es que esto no es una cosa ni de dos días ni de una semana ni de dos semanas. y para mucha gente ni de ocho semanas, ya van ocho semanas, es una razón temporal razonable ya, pero, claro, cuando las he intentado, pero cuánto lo has intentado cuántos días y cuántos ha prestado los dientes, porque también hay un periodo ahí de, hay una travesía del desierto, o sea, uno puede pretender que a los tres días hace así y ya tiene flexible a metabolica y ya es capaz de continuar un día sin apenas comer, ¿no? sí, no, no. y son procesos de a veces, meses y años. sí. así que, es también para animar al que es tenesto que continúe, porque merece la pena, aunque lleve tiempo. sí. y una de las claves es hacer una dieta saludable y si estamos haciendo nuestras comidas principales muy bien planificadas, muy bien combinadas en el eje de los alimentos adecuados y luego en medio metemos en lugar de tempras palos de la rueda, porque lo que hacemos es tomar algo que nos saca de toda esa dinámica, la que estamos intentando meternos con los platos principales, las comidas, la comida, la cena, las comidas principales del día. pues, entonces, echamos a perder todo nuestro esfuerzo, entonces por eso vamos a dar ideas de tempras saludables para en el caso de tener que hacerlo, que sigan en la línea que te van llevando hacia liberarte de los tempras. vamos a ello. ven, ¿tenéis que ser saludables? bueno, por definición de vencer pequeños, tiene que ser una pequeña cantidad y tiene que ser de alimento de comida real, no de cosas metidas en el bolso y de plástico que salen de la máquina, ¿verdad? o que salen de una gasolinera, que por suerte hay que decir que los pequeños supermercados de las gasolineras están empezando en algunas países y en algunos más que en otros, bueno, se empiezan a ver opciones desnacks que son comida. sí, sí, sí, sí, que ya, coño, esto es comida, ya no es, ya no es un mejumje industrial que es no cibo para mí, ya hay opciones. sí. con esto quiero romper una lanza porque muchas veces en este podcast hemos hablado de la comida de gasolinera como que es todo, como que es todo negativo, bueno, por suerte, por suerte y porque esa fuerza viene disabajo también, porque la población lo demanda, como consecuencia de eso, porque hay ya que un porcentaje cada vez mayor de gente que lo demanda. claro, muchas, muchas cadenas de gasolineras están doy cuenta de que hay mercado para eso. sí. y están ofreciendo ya opciones mucho más saludables que es comida. sí, sí, sí, por ejemplo, podemos encontrar frutos secos, avellanas, almendras, nueces que van pelados, que van embasados, vale, pero son alimentos reales y nos podemos ir tomando en el coche o en esa parada que hacemos ahí, a la aire libre tal, nos tomamos nuestros frutos secos acompañando fruta que a veces en gasolineras ya también se encuentra o frutos pasos desidratados pues orejones, sirve las pasas, guas pasas, esta combinación es un tempeo saludable que nos ayuda a recuperar la energía dándonos estabilidad y elementos esenciales para nuestra salud. hablas de combinación de frutos secos con fruto secado, o con fruto secado, eso es, sí, sí, sí, porque la fruta de secada sola en sí misma, tampoco viene gusardella, ¿no? porque nos puede producir un pico de glucosa en sangre, de azúcar en la sangre y la glucemia, que vale, en ese momento nos vamos a sentir fenomenal, pero luego a venir la caída y nos vamos a sentir fatal y sobre todo quienes tengan todavía poca flexibilidad metabólica, poca capacidad de recurrir a sus frances de energía propia, todas estas cosas, entonces no conviene tomar de tempeo algo muy dulce aislado porque nos va a pegarlo la caída, el bajón y nos vamos a encontrar muy mal y vamos a necesitar otro alimento de este tipo que nos rescate, nos ha quedé ahí y vamos a ir de nuevo como en la montaña rosa. esto muchas personas todavía lo hacen, que tengo el bajón de la mañana, me voy a tomar un caramelo o me voy a tomar un plátano o me voy a tomar unas uvas pasas o un bombón o un refresco. aquí estoy metiendo alimentos saludables y sustancias llamadas alimentos que no son saludables. lo estoy metiendo todo en un único grupo porque tienen el elemento común de que producen un pico de glucosa en sangre, aunque sean alimentos reales, como la fruta o los frutos pasos, nos va a producir lo total caída de la glucosa, de la energía, de las fuerzas que no son recomendados como tempies. ahora bien, si unimos la fruta o frutos pasos con frutos secos por el aporte que estos hacen de fibra, de proteína y de grasa se le va la glucosa pero de una manera mucho más suave y eso hace que luego tengamos esa energía como más sostenida en el tiempo. entonces bien, aguantamos así perfectamente hasta la comida principal que corresponda. en ese grupo de sustancias llamadas alimentos que no son saludables, he mencionado pues eso, el refresco, por ejemplo, o el caramel, o el bombón, una chuchería, el eban la glucosa y por eso nos da como energía y pensamos que está muy bien pero es que luego viene el bajón y además esos son elementos noctivos para nuestra salud. entonces si estamos haciendo un proceso hacia una dieta saludable, una vida saludable, pues esto no son sustancias que debemos considerar como temtem pies o la boyería industrial o los zumos industriales, mucho cuidado, porque vale, pues no me tomo el refresco, me tomo un zumo, un zumo industrial, tiene más azúcar todavía que un refresco. así que no son temtem pies saludables. o por ejemplo, una cosa muy frecuente, esos snacks que tienen forma de patata frita pero que en realidad están hechos de una pasta compactada que juega con nuestro cerebro, porque lo que hace es que es una lámina de patata frita, de patata frita, cuando en realidad es un mejuge con un montón de sí, es porque es lo que es, ¿no? es una masa, es una masa que está compuesta por un montón de sustancias muy tóxicas y que el cuerpo, que el cerebro, piensa que es una patata frita, no lo es. es muy importante también, cada vez la industria de alimentación juega más con esas cosas, cada vez aparece más productos que tienen aspecto visual de una comida a la cual podemos referenciar, pensamos que es una comida pero no es, está de construida y construida otra vez. entonces muchísimo cuidado con eso, son los comida tampoco. sí, mucho cuidado con los aceites vegetales refinados, que son muy tóxicos, nos oxidan mucho, nos envejecen, nos enferman y están presentes o se emplean en la mayoría de alimentos procesados o sustancias procesadas, por ejemplo, estos aperitivos de los que hablas, pero también de lo que sí es una patata de verdad y esta frita en una aceite tóxico noctivo. entonces también eso es mejor evitarlo. tiene el inconveniente además de que son alimentos con alto índice o dulcemico, de nuevo nos va a producir esa subida de glucos en sangre y luego la bajada empicado. entonces nos va a servir como un tempeque, nos de energía saludable y pues lo que ya has comentado, nos va a aportar sustancias que son pero salud, sino un prudentor, verdad. recapitulamos un poco lo que no es un esnax saludable, venga, entonces tenemos cualquier cosa que vega una bolsa. es un poco comproma pero no tanto, pero no tanto, esnax industriales, refrescos, zumos industriales, caramelos por supuesto, bombones, chocolateinas, el 99 de lo que puede salir de una máquina de vending, que más hemos nombrado que queramos la boyería industrial, la boyería industrial, bueno, verdad cualquier alimento que no es un alimento natural, ¿no? y que no esté. sí, yo creo que lo que debería ser parte de nuestro tempeque saludable tiene que ser un alimento real, algo que crece en la naturaleza, que existe, no que hemos fabricado en una industria. pues vamos a por ello. vale, venga, vamos a ver ideas de tempeques saludables. venga, antes, si te parece saber, voy a releer muy rápido antes entrar en esta parte del podcast, voy a releer la definición de refrigerio, cantidad pequeña de alimento que se toma para reparar las fuerzas. ya hemos hablado de que es cantidad pequeña, de que distir que es el alimento y de que es para reparar las fuerzas. esos para reubicar, ¿no? es para reubicar este podcast. entonces, venga, ejemplos de cantidad pequeña de alimento que se toma para reparar las fuerzas. pues un tempeque, según esa definición, sería un platillo pequeño de lo que ha sobreado la comida o de lo que sobre la cena de ayer o de lo que vamos a tomar después. una pequeña cantidad de una comida, es que es comida, comida real. dos lonchas de jamón, una manzana con un poñotó pequeño de frutos secos, media guacate que sobró de ayer de la ensalada a la que le ponemos un poquito de una loncha de salmón que nos quedó también, ¿no? por ejemplo, un cracker para los que tomen cereales, por ejemplo, un cracker de un cereal ancestral que estamos mejor asimilados para tomarlo, pues con un poco aceite de oliva y cinco aceitunas, por ejemplo, ¿no? sí, y quizá unas lonchas de huevo duro para que haya una parte de proteína, que eso también ayuda a equilibrar la energía y aportar nutrientes necesarios de funcionar. ¿has hecho huevo duro? un huevo duro entero, pues en snack, un huevo duro cocido que tenemos en la nevera, es una cantidad pequeña de alimento que se toma para reparar fuerzas y tenemos prisas, si no tienen, por ejemplo, un día, una persona es a mí me pasa veces, ¿no? si tengo mucho trabajo y tengo programado ese día, pues, una comida media, por ejemplo, pero tengo mucho lío me viene mal, pues puedo hacer eso, puedo comer un par de huevos cocidos y seguir, porque es una comida pequeña que me ayuda en ese momento por circunstancias de la vida, no puedo hacer esa comida más copiosa que tenía planeada, pero es comida real, es fácil, es rápido hacer, es saludable, no me produce se bajón de glucosa posterior del que hablaba antes, otro ejemplo de snack, no tengo que por qué comerme un kit kat o un refresco o algo diseñado específicamente como te entengue. qué bueno eso, exacto, al huevo duro yo le añadiría un poquito de sal y aceite de oliva, y con eso tenés. ya para nota, bueno, eso depende de la prisa que tengan todos. hay que más tecar bien, por favor, que hay que prisa. también, aunque hay prisa, eso es verdad. sí, sí, sí. ahí tenden pies dulces y salados, como estás diciendo, también puede ser un cracker que lo has mencionado de semillas en lugar de cereales, de semillas, pues de semillas de girasol, de calabaza, de chía, delino, todo machacadito, triturado, bien mezclado, se hornea una temperatura suave y tenemos ahí una barrita natural que hemos hecho en casa con buenos ingredientes y una porte nutritivo muy interesante. o galletas o madalenas o bizcocho, he hecho en casa que se puede hacer, elaborar con harina de cereales ancestrales, pues la espelta o camut, centeno, hará mucha oferta en el mercado gracias a que mucha gente la hay de vivienda. o en lugar de utilizar cereales, utilizar harina de almendras, por ejemplo, y aceite de coco y hacemos algo diferente, con sabores nuevos, muy nutritivo, muy equilibrado, que aportaba muchos nutrientes. tenemos opciones de todo tipo. otra que sí me ocurre mientras dice esto, por ejemplo, un poquito de yogur griego con los frutos secos o con los futuros elboz, que al ser yogur griego que es más rico en grasas, pues unos frutos del bosque, par de nueces, ahí es un snack, fantástico, un tempeo fantástico, rápido, saludable, es pequeña cantidad de comida que nos ayuda a reparar las fuerzas. a reparar las fuerzas. y a que estamos a cuidar la salud, es un, mira, esa sería la pellido y la definición, la definición de tempeña, la hemos dicho, la de tempe es saludable, añade la definición que ayuda a potenciar la salud. y no ero sionarla, ¿no? así, desde luego. has dicho lo del kit kat, la chocolateina, pues puede ser un trocito de chocolate negro, puro, con un porcentaje más alto, del 80 , y cuanto más alto mejor, con también unas almendras, por ejemplo, para aportar ahí como más nutrientes, que sea como una mini comida, completa y saludable. o un batido de chocolate, pero no industrial, sino que lo hacemos en casa mezclando aceite de coco y leche de coco con cacao puro. quedan muy recono. podésimos. hay opciones de todo y para disfrutar, porque también muchas veces se considera que una alimentación saludable es un rollo, es insípida o es mala, incluso. y bueno, yo creo que eso es falta de prueba, porque se disfruta mucho con la comida sana. y este podcast evidentemente está pensado para audio y está pensado para que la gente lo oiga, es más una llamada atención conceptual, pero a partir de aquí, pues quien quiera andar en esto, pues instagram está lleno de cuentas de gente que hace un trabajo fantástico, con ideas desnacks saludables, hay un montón de cuentas fantásticas por ahí, o youtube, por ejemplo, hay un montón de canales de gente invirtiendo un montón de horas y poné en un muchísimo trabajo y que hace cosas increíbles, ¿no? nosotros no somos una empresa de cofinas, entonces estoy seguro de que hay gente que está pensando ahora, pues, ¿de qué no sé qué? podréis que no sé cuánto, pero no, nosotros aquí estamos un poco como abriendo esa primera capa de todo esto, plantar la semilla, pues a partir de aquí, pues al que realmente quiera tomar este camino, que debería ser todo el mundo, pues ahora tiene que tirar de la cuerda y buscar en sitios, pues si estás en instagram el que esté, pues si no estás, pues en youtube o en internet, en google, ideas de desnacks saludables, sobre tempris saludables, que cumplan estos requisitos, porque algo tenga la etiqueta en google, en youtube, en instagram o donde sea, de saludable, no quiere decir que realmente lo sea, ¿no? sí, tiene que cumplir todo a estas cosas que estamos diciendo. nosotros en nuestros programas, damos ejemplos y recetas de comidas, principales y de tempris, en el libro de la dieta cetogénica tenemos también todo un apartado, 80 recetas que son tipo low carb y cetogénicas, con platos principales y tempris también, entonces bueno nosotros también vamos aportando ahí lo que podemos, pero es verdad que para vídeo y foto y nos lo han pedido muchas veces, pues no podemos con tantas cosas. y es verdad que hay cuentas maravillosas, gente que está haciendo un trabajo precioso además y es algo además que te notiza tanto, están atractivos, que son gustos, ya antes de comerlo y algo estás disfrutando, pero eso sí, igual que yo me he pesado con lo de leer las etiquetas, que hay que rascar, no vale solo con quedarse con la foto o que pone unas letras muy grandes en verde diciendo sin azúcar añadido, ve a la lista de ingredientes a ver que lleva, porque muchas veces vas a ver pues que azúcares o aceites o almidones o bueno tantas cosas, hay que yo soy muy pesada con que hay que leer las etiquetas, no quedarse solo en el envoltorio, pues también con las cuentas, con los canales de youtube, todo esto, también hay que ver si de verdad es una alimentación saludable o solo lo pone en la etiqueta principal, rascar y mirar más allá y luego pues quedarse con lo que aún no le vaya bien. voy a vender tu libro, isabel, el libro de la dieta cetogénica, pero vas a comer un momento que hay en error que es nuestro libro. bueno, es nuestro libro. el libro de la dieta cetogénica de los dos, en amazon, el libro de la dieta cetogénica y tenéis un montón de recetas muy interesantes, pero bueno, es más visual, es más de lectura. sí, sí, que es lectura, pero es una lectura muy fácil para quien quiera empezar en la etatetogénica, yo creo que es una buena herramienta. es un primer paso, es muy sencillito, es muy de iniciación de conceptos básicos, con chenta recetas, pero para alguien que parte de cero, yo creo que puede ser una herramienta muy muy muy potente. yo pienso que sí que los crebimos de esa manera muy magra, no hay adorno, no hay florituras, no hay científicos, es lenguaje puro y duro de la calle, muy sencillo para que se comprenda que es la dieta cetogénica y se empiece a hacer. es como el primer escalón y luego las recetas ayudar, mucho claro, es la puesta en práctica. conceptos básicos en amazon. bueno, ¿qué más isabel te... pues se me ocurre en más ideas útiles, por ejemplo, los palitos de verduras, con tain. esto es un snack súper rico, fresquito porque pueden ser snacks o tempías cocinados o frescos crudos, por ejemplo, de este, ¿no? hacer unos crudites, unos palitos de zanahoria de pepino, por ejemplo, y tomarlo con tain, que es un alimento muy potente, muy nutritivo, o combinar pues unas rodajitas de pepino con salmón, también que se ha hablado antes, o unos cogollitos de lechua con sardinillas o con anchoas. o, para los más como yo, voy a decir, las anchoas, la perdón, las sardinas en sí, mismas, ya está, o sea, tres sardinas es un snack fantástico, es un tempía fantástico. sí, lo que pasa es que yo intento siempre que sean comidas completas, ¿no? las sardinas van a aportar proteína y grasa y el carbohidrato es aparte vegetal que aporta también energía y vitaminas, fibra, prebiúticos. bueno, intento que siempre sean comidas o tomas, aunque sean pequeñitas, que incluyan la proteína, la grasa y el carbohidrato saludable. pero en un mundo imperfecto para gente como yo, tres sardinas tampoco, está mal hombre. no, está bien, está bien. pero bueno, ya puestos a dar la idea óptima, pues si yo te añado un cogollito de la hecha o unas endíbias con, pues por ejemplo, con un pate de legumbre, sí, de legumbre de lenteja, por ejemplo, porque estamos dando mucha opción para personas que tomen carne pescada o huevo, pero los vegetarianos estrictos, pues pueden incluir proteína procedente de la legumbre. entonces, por ejemplo, eso ahora hay patez de arvanzo, bueno, mencionada antes el taín o el humus, por ejemplo, también puede estar bien como apoyo, como complemento de esa combinación de los tres elementos principales en pues unas crudites, unos cogollitos, unas endíbias, algo así. genial, lo tendré presente en la próxima vez que no, que te comas solo las sardinas. o el olo dos huevos cocidos o las tres sardinas. y salgas es copetado. sé que lo tengo que hacer, pero bueno, pero que es un mal menor, ¿no? sí, sí. tieres que es un mal menor. es menor porque además en las comidas principales sí que incluye todos los elementos. entonces, este es ese soportito que te da ahí como el empujón rápido hasta que llegas a tu comida principal. siguiente, o sea que es, está bien. dulces y salados, frescos, cocinados, sólidos o líquidos. hay uno que pueda hablar por los dos, yo creo que no se encanta. no, imagino lo que vas a decir. el café retogénico o el tecetogénico, un tenegro o un café solo tipo americano con aceite de coco y mantequilla ecológica, excelente, tempe. además, la añadimos una pizquita de salmarina que aporta todos los minerales que necesitamos y un poquito de canela o de nozcada o de jengebrio o de curcuma. pues tenemos un tempe de maravilloso. soy un adicto a la salmarina en el café retogénico. la gente que nos sigue deshace tiempo ya sabe que tenemos en youtube y en instagram vídeos explicando cómo se hace un café retogénico, pero para los que quizás han llegado recientemente, la vida potencial, si vais a youtube y con la vida potencial café retogénico tenemos ahí un vídeo, un blog, decía unos años explicando cómo se hace en instagram también hay contenido. y, por supuesto, la vida potencial.com también hay el buscador, tenemos un artículo que explica en el buscador, ponéis café retogénico y os saldrá el artículo en el que explicamos que es el café retogénico y cómo se hace. este es un tempe muy interesante, sobre todo para quienes quieren ganar flexibilidad metabólica y quienes quieren alcanzar esa... como diría, como ese poderío sobre la comida y soltar esa enganche al alimento y quieren mejorar su resistencia al ayuno. el café retogénico o el téetogénico, aunque es un alimento y es calorico porque estamos metiendo energía que procede de la grasa saludable, no nos saca de nuestro estado metabólico de ayunas, entonces aunque estamos tomando algo y algo que nos aporta calorías y que nos da energía, o sea que en este sentido nos va a servir para aguantar hasta la siguiente comida, sin embargo, no corta el proceso interno tan positivo de la activación de la autofágia, de restitución de la salud intestinal, de optimización de la señal, de acceso a la energía de reserva y a la quema de grasa, el control de peso es muy interesante, entonces es un tempe como engañoso, tiene traje de tempe y efecto interno de estado de ayunas. entonces bueno, pues eso es algo que podéis introducir para conseguir esto de lo que hablábamos antes de pasar del estar al ser. me ha encantado eso, si el café cetogénico, mucha gente lo conoce como el café bulletproof, or bulletproof coffee, café zeto, café queto, café comantequilla, café comantequilla, es un regalo de la naturaleza, es un regalo de la naturaleza. y esa llave maestra real del mundo terrenal en el que vivimos, que permite abrir esas cajitas que tenemos ahí escondidas con tesoritos de lo mucho más que somos, que creíamos, que éramos. pues como dirías tú acabamos aquí con este tomoñito, no sé qué, quieras algo que iría a señalar algo para concluir, pero más o menos lo hemos cubierto. sí, yo quería quedar claro que podemos tomar, de tener tempe que es un tempe y lo más importante si lo necesitamos o no, para aclarar un poco todas estas dudas y esta cierta polémica o, bueno, confusión que hay en este sentido. con el café cetogénico lo dejamos. con el café cetogénico acabamos. bueno, que si quiere, mira, ya que estamos con el café cetogénico si quieres a para acabar, este podcast, una pregunta muy frecuente es si se puede tomar por la tarde, si se puede tomar con comida, si se puede tomar, si se puede tomar por la tarde. se puede tomar por la tarde, pero nos va a activar y nos va a dificultar el sueño, entonces si se toma por la tarde mejor que sea descaseinado, de buena calidad, que lo hay hasta hace unos años el descaseinado era peor, pero no me voy a meter aquí que no acabamos del podcast, entonces un café descaseinado de buena calidad, ecológico y bien elaborado se puede tomar por la tarde y también se puede hacer con té, destainado mejor, pero si no, bueno, un té, tiene menos capacidad excitadora que el café, entonces puede ser un alternativo para algunas personas. se puede tomar en ayunas y es como he dicho antes, es un excelente temtem pie en el estado y se puede tomar también acompañando al alimento ideal, esto para las personas que quieren ganar peso. personas muy delgaditas que tienen mucha dificultad para ganar peso cuando asocian un café cetogénico al alimento principal o al temtem pie de la media mañana, de la media tarde, consiguen como un empuje, un bust para la ganancia de peso saludable adecuada y estética. refrijerio, cantidad pequeña de alimento que se toma para reparar las fuerzas. refrijerio saludable, la cantidad pequeña delimento que se toma para reparar las fuerzas y promover la salud. y que te lleva del estar al ser. un beso amigos, pasaros por vida potencia al punto com, unidos a la comunidad, tenéis ahí el enlace y nos vemos la próxima vez. sí, hasta la próxima, un gusto, estar aquí. cuidado, ¡chau!",youtube,audio
"¿qué hago hoy? doy esta vuelta mil naszych su contenido calorico que no sea muy alto en calorías, tradicionalmente que la fuente es su matronotrente se ande las mejor fuentes. en las etapas de crecimiento, escupdón de ellos más usan los nutrientes. así que darles un nutriente de la mejor calidad, garantiza que su crecimiento y su desarrollo se da la mejor manera. los cheras saludables es muy importante para los niños ya que desde pequeños enseñamos a su buena nutrición, ya más cuando son unos niños ya en los cincados, como lo es, mi hija, que es de un cincado con una leucemia la infoglástica aguda, para ella una nutrición debe ser muy importante, ya que no puede consumir ciertos alimentos, siempre haya, utilidad fruticas, ya, una buena avena, baja en leche de cierta hora, y siempre estar bien pendientes con sus dietas, frutas, o verduras. por el rey menóxe, el tal que nosotros te vamos, normalmente manejamos tres comunes principales y dos snacks. no hay números específicos de snacks que no deba tener en el día, pero sí es importante que en ellos tengamos por lo menos una buena ingesta de proteínas y nutrientes cada tres, cuatro horas. uno de más debe garantizar en los niños es adherencia nutricional, es decir que lo que ellos consuman les gusta y los se dan consumiendo de esta manera, también garantizamos que ellos adquieran hábitos saludables y no forzándolos. también lo más importante en ellos es una de cuáco consumó de proteín, todo es tratar de que la mayoría de esos snacks tengan una puerta de proteín, tenemos yogorriego, diferentes tipos de quesos, tenemos queso cotás, tenemos huevos, y muchas otras opciones de las cuales nos pueden os guiar. no deberíamos entrar en esa dichotomía que es buen y que es mal, simplemente hay cosas que son mucho menos óptimas para los niños. principalmente en ellos tratar de evitar al máximo las azúcar y los procesados y los diferentes tipos de fritos, ya que tienen un alto pantenneo calorico, ellos no les va a servir en los absolutos de tipo de nutrientes y tienen una alta enciada, una alta cantidad de calorías. ni siquiera los adultos mismos saben comer, entonces cuando uno le dice que tiene que enfocar a su hijo a comer de una mejor manera, pues muchas veces se sienten perdidos o no saben que opciones escoger y se pegar con lo básico. por ejemplo, se ha por opciones como frutos secos o lo que eintus consideran que es saludable. al tener una guía de improvisidad, sencillamente van a tener las mejores herramientas para tener una alimentación sana para ellos incluso para sus propios hijos. primero, tratar de preguntarles a los propios niños que les gusta. de esta manera, logramos identificar patrones de sabores y así poder hacer mezclas. es como, por ejemplo, en vez de usar papitas fritas de parquete, podemos hacerles papitas en el frayer, en vez de consumir helados, podemos consumir orgliego, con fruta, y muchas otras opciones que son ricas incluso para nosotros los adultos y que de esta manera vamos a darles las mejores opciones para su cuerpo. los niños deben ir acompañados de su buena nutricio, haciendo también, practicando algún deporte, por lo menos, mira que se ha nosicado con su luces, ella no puede ejercitarse mucho porque se le pueden bajar demasiado las plaquetas. entonces, lo que yo hago es sacarla a caminar un rato para que recibas su soricitos y mediante la vida. y eso también le ayudo con su bananito para que se vaya nutriendo. y esa compañía de su caminadita para que sea más fuerte y a través de eso, se pueda seguir adelante con su tratamiento ya que es un tratamiento bastante complicado y delicado. enseñemos en nuestro sigo de consumir buena fruta, sus verduras, porque eso es algo muy importante. les ayuda mucho a su nutrición. generación y eso.",youtube,audio
