id,enfoque,resumen_texto
0,Salud Digestiva y Probióticos,"[
  {
    ""informe"": {
      ""titulo"": ""Informe Estratégico de Mercado: Snacks Saludables y la Tendencia de Salud Digestiva y Probióticos"",
      ""introduccion"": ""El mercado global de snacks saludables está experimentando un crecimiento significativo, impulsado por una mayor conciencia de los consumidores sobre la importancia de la nutrición y el bienestar. Dentro de este mercado, la tendencia de la salud digestiva y los probióticos emerge como un área de particular interés y potencial de crecimiento. Este informe analiza las tendencias clave, los hábitos de consumo, los ingredientes innovadores y las oportunidades estratégicas dentro de este nicho, con el objetivo de proporcionar información valiosa para la innovación y el desarrollo de nuevos productos."",
      ""seccion1"": {
        ""titulo"": ""Tendencias Globales en el Mercado de Snacks Saludables"",
        ""contenido"": ""El mercado de snacks saludables ha evolucionado significativamente en los últimos años. Los consumidores ya no buscan simplemente un bocado rápido para satisfacer el hambre; ahora exigen productos que ofrezcan beneficios nutricionales adicionales, transparencia en los ingredientes y sostenibilidad. Las tendencias clave incluyen: productos bajos en azúcar, sin gluten, ricos en proteínas, veganos y elaborados con ingredientes naturales y orgánicos. La conveniencia sigue siendo un factor importante, con formatos on-the-go y porciones individuales ganando popularidad. Además, la personalización se está convirtiendo en una tendencia emergente, donde los consumidores buscan snacks adaptados a sus necesidades dietéticas y preferencias individuales.""
      },
      ""seccion2"": {
        ""titulo"": ""Salud Digestiva y Probióticos: Un Enfoque Estratégico"",
        ""contenido"": ""La salud digestiva ha ganado prominencia como un factor clave en el bienestar general. Los consumidores son cada vez más conscientes de la conexión entre la salud intestinal y la inmunidad, el estado de ánimo y la energía. Los probióticos, las fibras prebióticas y los alimentos fermentados están siendo reconocidos por sus beneficios para la salud digestiva. Esto ha creado una demanda creciente de snacks que incorporen estos ingredientes. Los snacks con probióticos ofrecen una forma conveniente y accesible de mejorar la salud intestinal, especialmente para aquellos que tienen dificultades para consumir suplementos o alimentos fermentados tradicionales. Sin embargo, es crucial que estos snacks contengan cepas probióticas específicas y en cantidades efectivas, respaldadas por evidencia científica.""
      },
      ""seccion3"": {
        ""titulo"": ""Hábitos de Consumo y Demanda del Consumidor"",
        ""contenido"": ""Los consumidores que buscan snacks para la salud digestiva suelen ser personas preocupadas por su bienestar, con un interés activo en la nutrición y la prevención de enfermedades. Buscan productos que sean fáciles de incorporar en su rutina diaria y que ofrezcan beneficios tangibles. La transparencia en el etiquetado es esencial, con información clara sobre los ingredientes, las cepas probióticas utilizadas y los beneficios para la salud. El sabor y la textura también son factores importantes, ya que los consumidores no comprometerán el placer sensorial por la salud. Los canales de distribución clave incluyen supermercados, tiendas de alimentos saludables, tiendas online y gimnasios.""
      },
      ""seccion4"": {
        ""titulo"": ""Ingredientes Innovadores y Oportunidades"",
        ""contenido"": ""Existe una amplia gama de ingredientes que pueden utilizarse para desarrollar snacks saludables para la salud digestiva. Además de los probióticos (como Lactobacillus y Bifidobacterium), las fibras prebióticas (como la inulina, los fructooligosacáridos y la goma de acacia) pueden promover el crecimiento de bacterias beneficiosas en el intestino. Los alimentos fermentados, como el kimchi, el chucrut y el kéfir, también pueden incorporarse en snacks, aunque su sabor puede ser un desafío para algunos consumidores. Otros ingredientes prometedores incluyen extractos de hierbas y especias con propiedades antiinflamatorias y digestivas, como el jengibre, la cúrcuma y la menta. Las oportunidades incluyen el desarrollo de barras energéticas con probióticos, galletas con alto contenido de fibra y probióticos, chips de vegetales fermentados y yogur bebible con probióticos y frutas.""
      },
      ""seccion5"": {
        ""titulo"": ""Ideas Concretas de Nuevos Snacks Relacionadas con Salud Digestiva y Probióticos"",
        ""contenido"": ""Considerando las tendencias y oportunidades identificadas, proponemos las siguientes ideas concretas para el desarrollo de nuevos snacks: 1) **Barras de proteína probióticas:** Barras energéticas elaboradas con proteína vegetal (guisante, arroz, soja) e infusión de probióticos estables al calor. Incluir frutos secos, semillas y superalimentos para un perfil nutricional completo. 2) **Chips de verduras fermentadas:** Chips crujientes elaborados con verduras como col rizada, remolacha o zanahoria, sometidas a un proceso de fermentación suave para aumentar su contenido de probióticos y mejorar su digestibilidad. 3) **Galletas de avena con prebióticos:** Galletas integrales de avena enriquecidas con inulina o fructooligosacáridos para promover el crecimiento de bacterias beneficiosas en el intestino. Agregar frutas deshidratadas y especias para mejorar el sabor y el atractivo. 4) **Yogur bebible con probióticos y superfrutas:** Yogur bebible elaborado con leche de origen vegetal o animal, con cepas probióticas específicas para la salud digestiva y enriquecido con superfrutas como arándanos, granada o açai para un aporte adicional de antioxidantes. 5) **Snack de frutos secos y semillas con especias digestivas:** Mezcla de frutos secos y semillas (almendras, nueces, semillas de calabaza, semillas de girasol) tostadas con especias como jengibre, cúrcuma y canela, conocidas por sus propiedades digestivas y antiinflamatorias.""
      },
      ""conclusion"": ""La tendencia de la salud digestiva y los probióticos representa una oportunidad significativa para la innovación en el mercado de snacks saludables. Al comprender las necesidades y preferencias de los consumidores, identificar ingredientes innovadores y desarrollar productos con un sabor atractivo y beneficios tangibles para la salud, las empresas pueden posicionarse para el éxito en este mercado en crecimiento.""
    }
  }
]"
1,Proteína Vegetal y Plant-Based,"{
  ""informe"": {
    ""titulo"": ""Informe Estratégico de Mercado: Snacks Saludables con Énfasis en Proteína Vegetal y Plant-Based"",
    ""introduccion"": ""El mercado global de snacks saludables está experimentando una transformación significativa, impulsada por una creciente conciencia sobre la salud, el bienestar y la sostenibilidad. Los consumidores buscan cada vez más opciones que ofrezcan beneficios nutricionales, ingredientes naturales y un menor impacto ambiental. Dentro de este contexto, la tendencia de proteína vegetal y plant-based emerge como un motor clave de innovación y crecimiento."",
    ""tendencias_globales_snacks_saludables"": ""A nivel global, observamos varias tendencias convergentes que definen el panorama actual de los snacks saludables. La primera es la demanda de 'clean label', donde los consumidores buscan productos con listas de ingredientes cortas, fáciles de entender y sin aditivos artificiales. Otra tendencia importante es la búsqueda de snacks funcionales, que ofrezcan beneficios específicos para la salud, como mejora de la digestión, aumento de la energía o fortalecimiento del sistema inmunológico. Además, la conveniencia sigue siendo un factor crucial, con un enfoque en formatos on-the-go y opciones de consumo rápido. Finalmente, la sostenibilidad se ha convertido en un factor determinante, con los consumidores prefiriendo marcas que demuestren un compromiso con prácticas éticas y responsables."",
    ""proteina_vegetal_plant_based"": ""La tendencia de proteína vegetal y plant-based ha trascendido la categoría vegetariana y vegana, atrayendo a un público más amplio de 'flexitarianos' y consumidores preocupados por reducir su consumo de carne. Los impulsores de esta tendencia incluyen la conciencia sobre los beneficios para la salud de las dietas basadas en plantas, la preocupación por el bienestar animal y el impacto ambiental de la producción de carne. Ingredientes como legumbres (lentejas, garbanzos, frijoles), semillas (chía, cáñamo, girasol), frutos secos (almendras, nueces, anacardos), cereales integrales (quinoa, avena) y proteína de guisante están ganando protagonismo en la formulación de snacks."",
    ""habitos_ingredientes_oportunidades"": ""Los hábitos de consumo de snacks están evolucionando, con un aumento en la frecuencia de consumo a lo largo del día y una mayor diversificación de las ocasiones de consumo. Los ingredientes clave para capitalizar la tendencia de proteína vegetal y plant-based incluyen: proteína de guisante (por su versatilidad y sabor neutro), proteína de soja (por su alto valor nutricional y disponibilidad), proteína de arroz (por su digestibilidad y perfil hipoalergénico), y harinas alternativas (como harina de almendra, coco o garbanzo) para mejorar el perfil nutricional y la textura. Las oportunidades de innovación se encuentran en la creación de snacks con perfiles de sabor audaces y texturas innovadoras, que satisfagan las necesidades de los consumidores en diferentes momentos del día. Ejemplos incluyen barritas energéticas con proteína de guisante y frutos secos, chips de legumbres horneados con especias exóticas, o cremas untables a base de semillas y verduras."",
    ""ideas_nuevos_snacks_proteina_vegetal_plant_based"": ""Proponemos las siguientes ideas concretas de nuevos snacks con proteína vegetal y plant-based: 1. 'Crunchy Bites' de Lentejas y Quinoa: Pequeños bocados horneados a base de lentejas rojas, quinoa y especias mediterráneas. Ofrecen un alto contenido de proteína y fibra, con un sabor crujiente y satisfactorio. 2. 'Power Balls' de Avena y Semillas: Bolitas energéticas elaboradas con avena, semillas de chía y cáñamo, mantequilla de almendras y dátiles. Ideales para un impulso rápido de energía antes o después del ejercicio. 3. 'Veggie Sticks' con Dip de Hummus Cremoso: Palitos de verduras crujientes (zanahoria, apio, pepino) acompañados de un dip de hummus cremoso y especiado. Una opción refrescante y saludable para picar entre horas. 4. 'Protein Puffs' de Garbanzo y Curry: Bocaditos inflados a base de harina de garbanzo, especias de curry y un toque de leche de coco. Una alternativa ligera y sabrosa a los snacks tradicionales."",
    ""conclusion"": ""El mercado de snacks saludables con proteína vegetal y plant-based ofrece un enorme potencial de crecimiento para las empresas que estén dispuestas a innovar y adaptarse a las nuevas demandas de los consumidores. Al enfocarse en ingredientes de alta calidad, sabores atractivos, formatos convenientes y prácticas sostenibles, las empresas pueden crear productos que no solo satisfagan las necesidades nutricionales de los consumidores, sino que también contribuyan a un futuro más saludable y sostenible.""
  }
}"
2,Snacking para Niños (Kids),"[
  {
    ""informe"": ""Informe Estratégico de Mercado: Tendencias Globales de Snacks Saludables con Énfasis en Snacking para Niños\n\n**Introducción**\n\nEl mercado global de snacks saludables está experimentando un crecimiento significativo, impulsado por una mayor conciencia de la salud y el bienestar entre los consumidores. Esta tendencia se extiende a todas las edades, pero el segmento de snacking para niños (Kids) presenta oportunidades únicas y desafíos específicos. Los padres buscan opciones nutritivas, convenientes y atractivas para sus hijos, lo que genera una demanda de productos innovadores y de alta calidad.\n\n**Tendencias Generales en el Mercado de Snacks Saludables**\n\nEn términos generales, el mercado está siendo moldeado por varias tendencias clave. La primera es la creciente demanda de ingredientes naturales y orgánicos. Los consumidores están leyendo las etiquetas con más atención y prefieren productos con listas de ingredientes cortas y comprensibles. Se evitan los aditivos artificiales, los conservantes y los colorantes. Otra tendencia importante es la búsqueda de snacks con alto contenido de proteínas y fibra, que proporcionan saciedad y beneficios para la salud digestiva. Los snacks bajos en azúcar y grasas saturadas también están ganando popularidad.\n\nAdemás, la conveniencia juega un papel crucial. Los snacks deben ser fáciles de transportar y consumir, adaptándose a estilos de vida ajetreados. El packaging sostenible y eco-amigable también es un factor cada vez más importante para los consumidores conscientes del medio ambiente.\n\n**Análisis Profundo: Snacking para Niños (Kids)**\n\nEl segmento de snacking para niños presenta características particulares. La aceptación del producto depende en gran medida del atractivo para los niños, tanto en sabor como en presentación. Sin embargo, la aprobación de los padres es fundamental, por lo que el valor nutricional y la seguridad son primordiales. Los snacks para niños deben ser nutritivos, pero también divertidos y emocionantes.\n\nLos sabores dulces son generalmente preferidos por los niños, pero es crucial encontrar un equilibrio entre el dulzor y el contenido de azúcar. Las frutas y verduras son ingredientes populares, pero a menudo requieren ser presentadas de manera creativa para ser aceptadas por los niños. Las texturas también son importantes; algunos niños prefieren snacks crujientes, mientras que otros prefieren opciones más suaves.\n\nHay una creciente demanda de snacks que aborden alergias e intolerancias alimentarias. Los productos sin gluten, sin lácteos y sin nueces están ganando popularidad, ya que cada vez más niños son diagnosticados con estas condiciones.\n\n**Hábitos de Consumo y Oportunidades**\n\nLos hábitos de consumo de snacks para niños varían según la edad y el estilo de vida familiar. Los niños en edad preescolar a menudo consumen snacks en casa o en la guardería, mientras que los niños en edad escolar primaria consumen snacks en la escuela o durante actividades extracurriculares. Los adolescentes pueden consumir snacks en cualquier momento y lugar, influenciados por sus amigos y las redes sociales.\n\nExisten numerosas oportunidades para innovar en el mercado de snacks para niños. Una es desarrollar snacks que incorporen ingredientes funcionales, como probióticos para la salud intestinal o vitaminas y minerales para el crecimiento y el desarrollo. Otra es crear snacks que promuevan la educación y la creatividad, como galletas con letras o números, o snacks que vengan con juegos o actividades.\n\n**Ideas Concretas de Nuevos Snacks para Niños**\n\n1.  **\""Fruta Divertida Congelada\"":** Trozos de fruta orgánica congelada en formas divertidas (estrellas, animales, etc.) sin azúcares añadidos. Empaquetados en porciones individuales para facilitar su consumo.\n\n2.  **\""Mini Barritas de Avena y Semillas con Superalimentos\"":** Barritas de avena y semillas con quinoa, chía y bayas de goji, endulzadas naturalmente con puré de dátiles. Sin gluten y ricas en fibra.\n\n3.  **\""Vegetales Crujientes Horneados con Sabor a Queso\"":** Palitos de zanahoria, calabacín y remolacha horneados hasta quedar crujientes, con un ligero sabor a queso natural (sin quesos procesados). Alternativa saludable a las patatas fritas.\n\n4.  **\""Yogur Bebible con Probióticos y Frutas Reales\"":** Yogur bebible con probióticos, sin azúcares añadidos, con trozos de fruta real y en envases atractivos con personajes infantiles.\n\n5.  **\""Rollitos de Alga Marina con Relleno de Hummus y Verduras\"":** Rollitos de alga marina nori rellenos de hummus casero y verduras frescas cortadas en julianas (pepino, zanahoria, pimiento). Snack salado y nutritivo.\n\n**Conclusión**\n\nEl mercado de snacks saludables para niños es un mercado dinámico y en crecimiento. Para tener éxito, las empresas deben comprender las necesidades y preferencias de los niños y sus padres, y ofrecer productos que sean nutritivos, convenientes, atractivos y sostenibles. La innovación continua y la adaptación a las tendencias emergentes son clave para mantener una ventaja competitiva.""
  }
]"
3,Salud Mental y Mood Food (Adaptógenos),"[
  {
    ""informe"": {
      ""titulo"": ""Informe Estratégico de Mercado: Snacks Saludables y la Tendencia de Salud Mental y Mood Food (Adaptógenos)"",
      ""introduccion"": ""El mercado global de snacks saludables está experimentando una transformación significativa, impulsada por una creciente conciencia del consumidor sobre la conexión entre la alimentación y el bienestar integral. Ya no se trata únicamente de calorías y macronutrientes; los consumidores buscan activamente alimentos que ofrezcan beneficios funcionales específicos, abordando preocupaciones que van desde la inmunidad hasta la salud digestiva y, cada vez más, la salud mental. Este informe profundiza en las tendencias clave que están moldeando el sector, con un enfoque particular en el auge de los 'mood foods' y los adaptógenos como ingredientes estrella en la búsqueda del bienestar emocional a través de la alimentación."",
      ""tendencias_generales_mercado_snacks_saludables"": ""El mercado de snacks saludables se caracteriza por una serie de tendencias interconectadas. La demanda de ingredientes naturales y orgánicos sigue siendo fuerte, con los consumidores priorizando listas de ingredientes limpias y transparentes. Las opciones veganas y basadas en plantas continúan ganando terreno, impulsadas tanto por consideraciones éticas como por la percepción de que son alternativas más saludables. La conveniencia sigue siendo un factor clave, con un aumento en la popularidad de snacks portátiles y listos para consumir. Además, la personalización se está convirtiendo en un diferenciador importante, con empresas que ofrecen snacks adaptados a necesidades dietéticas específicas o preferencias individuales."",
      ""salud_mental_y_mood_food_adaptogenos"": ""La conexión entre la alimentación y la salud mental está ganando reconocimiento generalizado. El estrés, la ansiedad y los problemas de sueño son preocupaciones crecientes para muchos consumidores, lo que ha generado un interés significativo en alimentos que puedan ayudar a mejorar el estado de ánimo, reducir el estrés y promover la relajación. Aquí es donde entran en juego los 'mood foods' y los adaptógenos. Los adaptógenos son sustancias naturales, generalmente hierbas y hongos, que se cree que ayudan al cuerpo a adaptarse al estrés y restaurar el equilibrio. Ingredientes como la ashwagandha, la rhodiola, el ginseng y la manzanilla se están incorporando cada vez más en snacks saludables, ofreciendo a los consumidores una forma conveniente y deliciosa de apoyar su bienestar emocional."",
      ""habitos_del_consumidor"": ""Los consumidores que buscan snacks para mejorar su salud mental a menudo se caracterizan por un enfoque holístico del bienestar. No solo están interesados en los beneficios inmediatos, como una mejora en el estado de ánimo o una reducción del estrés, sino que también buscan productos que se alineen con sus valores generales de salud y sostenibilidad. Están dispuestos a pagar una prima por snacks que sean naturales, orgánicos, de origen ético y que contengan ingredientes funcionales respaldados por la ciencia. Además, son activos en las redes sociales y buscan recomendaciones e información de fuentes confiables, como nutricionistas, influencers de bienestar y comunidades online."",
      ""ingredientes_clave"": ""Además de los adaptógenos mencionados, otros ingredientes clave que se están utilizando en snacks para la salud mental incluyen: Magnesio, conocido por sus propiedades relajantes; Triptófano, un aminoácido que ayuda a producir serotonina; Probióticos, que apoyan la salud intestinal y pueden influir en el estado de ánimo a través del eje intestino-cerebro; Ácidos grasos omega-3, que se han relacionado con la mejora de la función cerebral y la reducción del estrés; Chocolate negro, rico en antioxidantes y asociado con la liberación de endorfinas."",
      ""oportunidades_de_mercado"": ""Las oportunidades en el mercado de snacks saludables centrados en la salud mental son vastas y variadas. Existe una necesidad de productos que sean no solo efectivos, sino también deliciosos y convenientes. Algunas ideas concretas incluyen: Barras energéticas con adaptógenos y chocolate negro, diseñadas para proporcionar un impulso de energía sostenida y mejorar el estado de ánimo; Mezclas de frutos secos y semillas con magnesio y triptófano, ideales para un snack rápido y nutritivo que promueva la relajación; Bebidas funcionales con probióticos y adaptógenos, diseñadas para apoyar la salud intestinal y reducir el estrés; Galletas o crackers con harina de almendras y hierbas relajantes, una alternativa saludable y deliciosa a los snacks tradicionales; Snacks horneados con ingredientes antiinflamatorios y adaptógenos, ofreciendo una opción sabrosa y beneficiosa para el bienestar general."",
      ""consideraciones_estrategicas"": ""Para tener éxito en este mercado, es crucial que las empresas adopten un enfoque basado en la ciencia y la transparencia. Es importante respaldar las afirmaciones de salud con evidencia científica sólida y comunicar claramente los beneficios de los ingredientes utilizados. Además, es fundamental colaborar con expertos en nutrición y salud mental para desarrollar productos que sean seguros y efectivos. La creación de una marca auténtica y confiable es esencial para ganarse la confianza de los consumidores y diferenciarse de la competencia."",
      ""conclusion"": ""El mercado de snacks saludables centrados en la salud mental está en auge, impulsado por una creciente conciencia del consumidor sobre la importancia del bienestar emocional. Al comprender las tendencias clave, los hábitos del consumidor y los ingredientes funcionales, las empresas pueden desarrollar productos innovadores que satisfagan esta demanda creciente y contribuyan al bienestar integral de sus clientes. El enfoque en la ciencia, la transparencia y la colaboración será fundamental para el éxito en este emocionante y prometedor mercado.""
    }
  }
]"
4,Sostenibilidad y Upcycling,"[
  {
    ""informe"": {
      ""titulo"": ""Informe Estratégico: Tendencias Globales en Snacks Saludables con Énfasis en Sostenibilidad y Upcycling"",
      ""introduccion"": ""El mercado global de snacks saludables está experimentando una transformación impulsada por un consumidor cada vez más consciente de su salud y del impacto ambiental de sus elecciones alimentarias. Esta evolución representa una oportunidad significativa para la innovación, especialmente en áreas como la sostenibilidad y el upcycling, donde la creación de valor se alinea con la responsabilidad social y ambiental."",
      ""tendencias_generales"": ""El crecimiento del mercado de snacks saludables se sustenta en varias tendencias clave. En primer lugar, la demanda de productos bajos en azúcar, grasas saturadas y sodio sigue en aumento, impulsada por la creciente prevalencia de enfermedades relacionadas con la dieta. En segundo lugar, los snacks ricos en proteínas, fibra y otros nutrientes esenciales están ganando popularidad, reflejando un enfoque más proactivo hacia la nutrición. En tercer lugar, la conveniencia sigue siendo un factor determinante, con una preferencia por formatos fáciles de consumir y transportar. Finalmente, la transparencia en el etiquetado y la autenticidad de los ingredientes son cada vez más valoradas por los consumidores."",
      ""sostenibilidad_y_upcycling"": ""La sostenibilidad ha dejado de ser una simple tendencia para convertirse en un imperativo para las empresas de alimentos. Los consumidores buscan activamente productos que minimicen su huella ambiental, desde la producción hasta el empaque. El upcycling, que consiste en transformar subproductos o residuos alimentarios en nuevos productos de mayor valor, se está posicionando como una estrategia clave para abordar el desperdicio de alimentos y crear snacks innovadores y sostenibles. Este enfoque no solo reduce el impacto ambiental, sino que también puede generar ingredientes únicos y perfiles de sabor interesantes."",
      ""habitos_del_consumidor"": ""Los hábitos de consumo de snacks están cambiando. El tradicional picoteo entre comidas se está transformando en una forma de complementar la dieta y obtener nutrientes adicionales. Los consumidores buscan snacks que ofrezcan beneficios funcionales, como mejorar la energía, la concentración o la salud digestiva. Además, la búsqueda de experiencias sensoriales y sabores innovadores está impulsando la demanda de snacks con ingredientes exóticos, combinaciones inusuales y texturas sorprendentes. La influencia de las redes sociales y las plataformas online también es significativa, ya que los consumidores buscan inspiración, reseñas y recomendaciones para descubrir nuevos productos."",
      ""ingredientes_clave"": ""En el ámbito de los snacks saludables, algunos ingredientes están destacando por sus beneficios nutricionales y su potencial para la innovación. Las legumbres, como los garbanzos y las lentejas, son una excelente fuente de proteínas y fibra. Los frutos secos y las semillas aportan grasas saludables, vitaminas y minerales. Las frutas y verduras deshidratadas ofrecen una alternativa natural y conveniente a los snacks procesados. Los granos ancestrales, como la quinoa y el amaranto, son ricos en nutrientes y tienen un bajo índice glucémico. En el contexto del upcycling, los subproductos de la industria alimentaria, como el orujo de cerveza, la pulpa de frutas y las cáscaras de vegetales, están siendo transformados en ingredientes valiosos para la elaboración de snacks."",
      ""oportunidades_de_mercado"": ""Las oportunidades en el mercado de snacks saludables son amplias y diversas. Existe un potencial significativo para desarrollar snacks upcycled que utilicen subproductos de la agricultura o la industria alimentaria, como chips de piel de patata, barritas energéticas con orujo de cerveza o galletas elaboradas con harina de cáscara de almendra. Otra oportunidad reside en la creación de snacks funcionales que aborden necesidades específicas, como mejorar la salud intestinal, reducir el estrés o aumentar la energía. La innovación en el empaque, utilizando materiales biodegradables o compostables, también es fundamental para satisfacer la demanda de productos sostenibles. Finalmente, la personalización de los snacks, ofreciendo opciones adaptadas a las preferencias individuales y las necesidades nutricionales específicas, puede ser un diferenciador clave."",
      ""ideas_concretas_de_nuevos_snacks"": ""1. **Chips de piel de patata upcycled con sabores exóticos:** Utilizar la piel de patata, un subproducto común en la industria de procesamiento de patatas, para crear chips crujientes y sabrosos. Ofrecer sabores innovadores como especias marroquíes, chile dulce tailandés o hierbas provenzales. 2. **Barritas energéticas con orujo de cerveza y frutas secas:** Incorporar orujo de cerveza, un residuo rico en fibra y proteínas, en barritas energéticas con frutas secas, frutos secos y semillas. Enfatizar los beneficios nutricionales del orujo de cerveza y su contribución a la sostenibilidad. 3. **Galletas elaboradas con harina de cáscara de almendra y especias:** Utilizar la cáscara de almendra, un subproducto de la industria de la almendra, para crear harina rica en fibra y antioxidantes. Elaborar galletas con esta harina y especias como canela, jengibre o cardamomo. 4. **Snacks de vegetales fermentados upcycled:** Utilizar vegetales que no cumplen con los estándares estéticos para la venta al por menor, fermentarlos y crear snacks probióticos con sabores únicos. Ejemplos podrían ser zanahorias fermentadas con jengibre o pepinos fermentados con eneldo."",
      ""conclusion"": ""El mercado de snacks saludables está en constante evolución, y la sostenibilidad y el upcycling se están convirtiendo en factores críticos para el éxito. Las empresas que adopten un enfoque innovador y responsable, creando snacks que sean tanto saludables como respetuosos con el medio ambiente, estarán mejor posicionadas para satisfacer las demandas de un consumidor cada vez más consciente y exigente. La clave reside en la creatividad, la colaboración y el compromiso con la sostenibilidad a lo largo de toda la cadena de valor.""
    }
  }
]"
5,Sabores Étnicos y Picantes,"{
  ""informe"": {
    ""titulo"": ""Informe Estratégico de Mercado: Tendencias Globales en Snacks Saludables con Énfasis en Sabores Étnicos y Picantes"",
    ""introduccion"": ""El mercado global de snacks saludables está experimentando una transformación significativa, impulsada por consumidores cada vez más conscientes de su bienestar y ávidos por explorar nuevas experiencias gastronómicas. Esta confluencia de factores crea un entorno propicio para la innovación, donde los sabores étnicos y picantes emergen como una tendencia clave con un potencial considerable."",
    ""panorama_general_mercado_snacks_saludables"": ""El segmento de snacks saludables ha trascendido la mera sustitución de opciones menos nutritivas. Ahora se percibe como una extensión del estilo de vida saludable, impulsado por ingredientes naturales, perfiles nutricionales mejorados y formatos convenientes. Las categorías dominantes incluyen barras de proteínas, frutos secos y semillas, chips de vegetales, palomitas de maíz y productos horneados con ingredientes alternativos. La demanda está siendo alimentada por la creciente prevalencia de dietas específicas, como vegana, sin gluten y keto, así como por la búsqueda constante de fuentes de energía sostenibles y opciones de indulgencia sin culpa."",
    ""tendencia_sabores_etnicos_y_picantes"": ""La tendencia de sabores étnicos y picantes refleja una creciente apertura cultural y un deseo de los consumidores por explorar cocinas de todo el mundo. Esta tendencia no se limita a la simple réplica de platos tradicionales, sino que se manifiesta en la fusión de sabores y técnicas culinarias, creando experiencias únicas e inesperadas. Los snacks picantes, en particular, están ganando popularidad debido a su capacidad para estimular los sentidos y ofrecer una sensación de satisfacción sensorial. Ingredientes como el chile habanero, el gochujang coreano, el sriracha tailandés y las especias de la India están siendo cada vez más utilizados en la formulación de snacks."",
    ""habitos_y_preferencias_del_consumidor"": ""Los consumidores de snacks saludables con sabores étnicos y picantes buscan productos que ofrezcan una combinación de autenticidad, calidad y conveniencia. Valoran la transparencia en la procedencia de los ingredientes y la ausencia de aditivos artificiales. Además, están dispuestos a pagar un precio premium por productos que ofrezcan una experiencia sensorial superior y que se alineen con sus valores éticos y ambientales. La creciente influencia de las redes sociales y los influencers gastronómicos también juega un papel importante en la formación de sus preferencias y en el descubrimiento de nuevos productos."",
    ""ingredientes_clave"": ""La innovación en snacks saludables con sabores étnicos y picantes se basa en la utilización de ingredientes clave que aportan autenticidad y complejidad a los perfiles de sabor. Algunos ejemplos incluyen: especias exóticas (cardamomo, cúrcuma, comino), chiles de diferentes niveles de picor (jalapeño, serrano, habanero), hierbas aromáticas (cilantro, albahaca tailandesa, menta), salsas fermentadas (gochujang, miso, tamari), frutas tropicales (mango, piña, maracuyá) y vegetales autóctonos (yuca, batata, okra). La combinación estratégica de estos ingredientes permite crear snacks con sabores únicos y memorables."",
    ""oportunidades_de_mercado"": ""El mercado de snacks saludables con sabores étnicos y picantes presenta numerosas oportunidades para la innovación y el crecimiento. Algunas ideas concretas incluyen: chips de vegetales con especias indias, barritas energéticas con sabor a curry tailandés, palomitas de maíz con chile habanero y lima, frutos secos tostados con especias marroquíes, edamame tostado con salsa de soja y jengibre, crackers de arroz con gochujang y semillas de sésamo, y snacks de algas marinas con wasabi y salsa de soja. Además, existe un potencial significativo para desarrollar snacks funcionales que combinen los beneficios nutricionales de los ingredientes saludables con los sabores estimulantes de las especias y los chiles."",
    ""ideas_concretas_nuevos_snacks"": ""Para capitalizar la tendencia, se proponen las siguientes ideas de nuevos snacks:\n\n1.  **Chips de Yuca con Adobo Caribeño Picante:** Yuca horneada con una mezcla de especias caribeñas, incluyendo ají dulce, comino, orégano y un toque de habanero para un picante sutil.\n\n2.  **Barritas Energéticas de Dátiles y Curry Rojo Tailandés:** Dátiles combinados con leche de coco, pasta de curry rojo, cacahuates y un toque de jengibre para un snack energético con sabor exótico.\n\n3.  **Mix de Frutos Secos con Ras El Hanout Marroquí:** Almendras, nueces y pistachos tostados con una mezcla de especias marroquíes, incluyendo comino, cilantro, jengibre, pimienta negra y un toque de chile.\n\n4.  **Edamame Crujiente con Salsa Gochujang Coreana:** Edamame tostado y sazonado con una salsa gochujang casera, aceite de sésamo y semillas de sésamo tostadas.\n\n5.  **Palomitas de Maíz con Chipotle y Lima:** Palomitas de maíz infladas al aire, rociadas con aceite de coco y sazonadas con chipotle en polvo, ralladura de lima y sal marina.\n\nEstas ideas buscan equilibrar la innovación en sabores con la demanda de ingredientes saludables y naturales."",
    ""conclusion"": ""En conclusión, la tendencia de sabores étnicos y picantes en el mercado de snacks saludables representa una oportunidad estratégica para las empresas que buscan diferenciarse y satisfacer las demandas de un consumidor cada vez más exigente y aventurero. La clave del éxito reside en la autenticidad de los sabores, la calidad de los ingredientes y la capacidad de ofrecer experiencias sensoriales únicas e inolvidables. La inversión en investigación y desarrollo, así como la colaboración con chefs y expertos en gastronomía étnica, serán fundamentales para desarrollar productos innovadores y relevantes que capturen la imaginación y el paladar de los consumidores.""
  }
}"
6,Snacks Bajos en Azúcar y Keto,"{
  ""informe"": {
    ""titulo"": ""Informe Estratégico de Mercado: Tendencias en Snacks Saludables con Énfasis en Bajo Azúcar y Keto"",
    ""introduccion"": ""El mercado global de snacks saludables está experimentando una transformación significativa impulsada por una creciente conciencia de la salud entre los consumidores.  Esta transformación se manifiesta en la búsqueda de opciones más nutritivas, con ingredientes naturales y beneficios funcionales.  Dentro de este panorama, las tendencias de snacks bajos en azúcar y keto están emergiendo como segmentos de alto crecimiento, presentando oportunidades sustanciales para la innovación y la expansión de mercado."",

    ""tendencias_generales_snacks_saludables"": ""La demanda de snacks saludables está siendo impulsada por varios factores clave.  En primer lugar, los consumidores están cada vez más informados sobre los efectos negativos del azúcar añadido y los carbohidratos refinados en su salud.  Esto ha llevado a una búsqueda activa de alternativas más saludables que ofrezcan energía sostenida y beneficios nutricionales.  En segundo lugar, el estilo de vida moderno, caracterizado por horarios agitados y comidas irregulares, ha impulsado la necesidad de snacks convenientes y nutritivos que puedan satisfacer el hambre entre comidas.  Además, la creciente popularidad de dietas específicas, como la keto y la baja en carbohidratos, ha creado una demanda específica de snacks que se ajusten a estos requerimientos nutricionales. Finalmente, la transparencia en el etiquetado y el abastecimiento ético de ingredientes son cada vez más importantes para los consumidores."",

    ""analisis_especifico_snacks_bajos_azucar_y_keto"": ""Los snacks bajos en azúcar y keto se han posicionado como opciones atractivas para consumidores preocupados por el control del peso, la gestión de la glucemia y la mejora de la salud metabólica.  La dieta cetogénica, en particular, promueve un consumo muy bajo de carbohidratos, moderado de proteínas y alto de grasas, lo que requiere snacks que se ajusten a estas proporciones.  Los ingredientes clave en estos snacks incluyen grasas saludables (como aceite de coco, aceite de aguacate, nueces y semillas), proteínas de alta calidad (como proteína de suero, proteína de huevo y proteína vegetal) y edulcorantes naturales bajos en calorías (como stevia, eritritol y monk fruit).  El desafío para los fabricantes radica en crear snacks que no solo cumplan con los requisitos nutricionales, sino que también ofrezcan un sabor y una textura atractivos, evitando el uso de ingredientes artificiales y conservantes."",

    ""habitos_de_consumo_y_preferencias"": ""Los consumidores de snacks bajos en azúcar y keto suelen buscar opciones que sean convenientes, sabrosas y satisfactorias.  Prefieren snacks que puedan llevar fácilmente consigo y consumir en cualquier momento y lugar.  La textura y el sabor son cruciales, ya que muchos consumidores asocian los snacks saludables con un sabor menos agradable.  Por lo tanto, es fundamental que los fabricantes inviertan en investigación y desarrollo para crear productos que ofrezcan una experiencia sensorial placentera.  Además, la variedad es importante, ya que los consumidores buscan opciones que les permitan evitar la monotonía.  Finalmente, la comunicación clara y transparente sobre los beneficios nutricionales y los ingredientes utilizados es esencial para generar confianza y lealtad a la marca."",

    ""oportunidades_de_mercado"": ""Existen numerosas oportunidades de mercado para la innovación en snacks bajos en azúcar y keto.  Una de ellas es el desarrollo de snacks que ofrezcan beneficios funcionales adicionales, como la mejora de la concentración, el aumento de la energía o el apoyo a la salud intestinal.  Otra oportunidad es la creación de snacks personalizados que se adapten a las necesidades y preferencias individuales de los consumidores.  Esto podría incluir opciones veganas, sin gluten o sin alérgenos comunes.  Además, existe un potencial significativo en la expansión de la oferta de snacks keto salados, que actualmente es limitada en comparación con las opciones dulces.  Finalmente, la colaboración con influencers y expertos en salud puede ser una estrategia efectiva para aumentar la visibilidad y la credibilidad de los productos."",

    ""ideas_concretas_nuevos_snacks"": ""Considerando las tendencias y oportunidades identificadas, proponemos las siguientes ideas concretas para nuevos snacks bajos en azúcar y keto: \n\n 1. **Bombones Keto de Chocolate Negro con Aguacate y Sal Marina:** Combinar el sabor indulgente del chocolate negro con la cremosidad del aguacate y un toque de sal marina para crear un snack sofisticado y satisfactorio.  Utilizar edulcorantes naturales como eritritol o stevia. \n\n 2. **Chips Keto de Queso Parmesano con Hierbas Provenzales:** Ofrecer una alternativa crujiente y sabrosa a las patatas fritas tradicionales, utilizando queso parmesano horneado con hierbas provenzales.  Este snack sería rico en grasas saludables y proteínas. \n\n 3. **Barritas Energéticas Keto de Coco y Macadamia con Proteína de Suero:** Desarrollar una barrita energética que combine el sabor exótico del coco y la macadamia con la proteína de suero para proporcionar energía sostenida y saciedad.  Asegurar un bajo contenido de carbohidratos netos. \n\n 4. **Galletas Keto de Almendras y Jengibre con Especias Navideñas:** Crear una galleta con un sabor cálido y reconfortante utilizando harina de almendras, jengibre, especias navideñas y un edulcorante natural.  Este snack sería ideal para la temporada navideña y el invierno. \n\n 5. **Snack de Edamame Tostado con Sabor a Sriracha:** Ofrecer una opción salada y picante utilizando edamame tostado con sabor a sriracha. Este snack sería rico en proteínas y fibra, y bajo en carbohidratos."",

    ""conclusion"": ""El mercado de snacks saludables, y en particular el segmento de snacks bajos en azúcar y keto, ofrece un gran potencial para el crecimiento y la innovación.  Al comprender las tendencias del mercado, los hábitos de consumo y las preferencias de los consumidores, las empresas pueden desarrollar productos que satisfagan las necesidades de este segmento en constante evolución.  La clave del éxito radica en la creación de snacks que sean no solo saludables, sino también sabrosos, convenientes y atractivos para los consumidores.""
  }
}"
7,Texturas Innovadoras y Experiencias Sensoriales,"{
  ""informe"": {
    ""titulo"": ""Informe Estratégico de Mercado: Snacks Saludables y la Revolución de las Texturas Innovadoras"",
    ""introduccion"": ""El mercado global de snacks saludables está experimentando una transformación significativa, impulsada por consumidores cada vez más conscientes de su bienestar y ávidos de nuevas experiencias. Ya no basta con ofrecer opciones 'saludables'; los consumidores buscan productos que estimulen sus sentidos y ofrezcan momentos de disfrute únicos. En este contexto, las texturas innovadoras y las experiencias sensoriales emergen como un factor diferenciador clave, capaz de impulsar el crecimiento y la fidelización en un mercado altamente competitivo."",
    ""tendencias_globales"": ""Varias tendencias globales están moldeando el panorama de los snacks saludables. En primer lugar, la demanda de transparencia y autenticidad se ha intensificado. Los consumidores exigen conocer el origen de los ingredientes, los procesos de producción y el impacto ambiental de los productos que consumen. En segundo lugar, la personalización se ha convertido en un factor crucial. Los consumidores buscan snacks que se adapten a sus necesidades específicas, ya sean dietéticas, de estilo de vida o de preferencias gustativas. En tercer lugar, la conveniencia sigue siendo un motor importante, especialmente para aquellos con estilos de vida ajetreados. Los snacks deben ser fáciles de transportar, consumir y almacenar. Finalmente, el auge de las plataformas digitales ha transformado la forma en que los consumidores descubren, investigan y compran snacks, lo que exige a las marcas una presencia online sólida y una estrategia de marketing digital efectiva."",
    ""enfoque_texturas_y_experiencias"": ""Dentro del mercado de snacks saludables, la tendencia de las texturas innovadoras y las experiencias sensoriales está ganando terreno rápidamente. Los consumidores buscan snacks que ofrezcan una variedad de sensaciones en boca, desde crujientes y aireados hasta suaves y cremosos. La combinación de diferentes texturas en un solo producto, como un snack que combine una base crujiente con un relleno cremoso, puede crear una experiencia sensorial más compleja y satisfactoria. Además, los consumidores están cada vez más interesados en snacks que estimulen otros sentidos, como el olfato y la vista. La adición de aromas naturales, colores vibrantes y formas inusuales puede hacer que un snack sea más atractivo y memorable."",
    ""habitos_e_ingredientes"": ""Los hábitos de consumo de snacks saludables están evolucionando. Los consumidores están reemplazando los snacks tradicionales, como las patatas fritas y los dulces, por opciones más saludables, como frutas, verduras, frutos secos, semillas y productos elaborados con ingredientes integrales. Existe una creciente demanda de snacks ricos en proteínas, fibra y grasas saludables, así como de snacks bajos en azúcar, sal y grasas saturadas. En cuanto a los ingredientes, se observa un interés creciente por ingredientes naturales, orgánicos y de origen sostenible. Ingredientes como las algas marinas, los insectos comestibles y los superalimentos están ganando popularidad como fuentes de nutrientes y texturas innovadoras."",
    ""oportunidades_de_mercado"": ""Las oportunidades en el mercado de snacks saludables con texturas innovadoras y experiencias sensoriales son amplias. Existe un gran potencial para desarrollar snacks que combinen diferentes texturas y sabores de forma creativa. Por ejemplo, se podrían crear snacks que combinen la textura crujiente de las semillas tostadas con la suavidad de un puré de frutas o verduras. Otra oportunidad es la de desarrollar snacks que cambien de textura durante el consumo, como un snack que empiece siendo crujiente y se vuelva cremoso al entrar en contacto con la saliva. Además, se pueden explorar nuevas formas de presentar los snacks, como snacks en forma de esferas, cubos o espirales, o snacks que se puedan personalizar con diferentes toppings y salsas."",
    ""ideas_de_nuevos_snacks"": ""A continuación, se presentan algunas ideas concretas de nuevos snacks relacionadas con Texturas Innovadoras y Experiencias Sensoriales:\n\n*   **Esferas de quinoa inflada con corazón de crema de aguacate y lima:** Un snack que combina la textura crujiente de la quinoa inflada con la cremosidad y el frescor de la crema de aguacate.\n*   **Chips de vegetales deshidratados con recubrimiento de chocolate negro y sal marina:** Un snack que combina la textura crujiente de los vegetales deshidratados con el dulzor del chocolate y el toque salado de la sal marina.\n*   **Barritas energéticas con base de dátiles, trozos de frutos secos y cobertura de yogur griego:** Un snack que combina la textura suave y pegajosa de los dátiles con la textura crujiente de los frutos secos y la cremosidad del yogur griego.\n*   **""Pop Rocks"" de fruta liofilizada:** Un snack que imita la experiencia de los caramelos ""Pop Rocks"" pero con fruta liofilizada, creando una explosión de sabor y textura en la boca.\n*   **Gelatinas de kombucha con trozos de fruta fresca y hierbas aromáticas:** Un snack refrescante y saludable que combina la textura gelatinosa de la kombucha con la frescura de la fruta y el aroma de las hierbas."",
    ""conclusion"": ""El mercado de snacks saludables está en constante evolución, y las texturas innovadoras y las experiencias sensoriales se han convertido en un factor clave para el éxito. Las marcas que sean capaces de ofrecer snacks que estimulen los sentidos y proporcionen momentos de disfrute únicos estarán mejor posicionadas para captar la atención y la lealtad de los consumidores. La clave está en la creatividad, la innovación y la comprensión profunda de las necesidades y deseos de los consumidores.""
  }
}"
8,Snacks para Deportistas y Rendimiento,"[
  {
    ""informe"": {
      ""titulo"": ""Informe Estratégico de Mercado: Tendencias Globales en Snacks Saludables con Enfoque en Snacks para Deportistas y Rendimiento"",
      ""introduccion"": ""El mercado global de snacks saludables está experimentando un crecimiento significativo impulsado por una mayor conciencia de la salud, cambios en los estilos de vida y la creciente demanda de opciones convenientes y nutritivas. Los consumidores buscan alternativas a los snacks tradicionales que ofrezcan beneficios adicionales, como mayor energía, mejor concentración y apoyo a la salud en general. Dentro de este panorama, el segmento de snacks para deportistas y rendimiento se destaca como una oportunidad particularmente prometedora debido al creciente número de personas que practican deportes y actividades físicas, y que buscan optimizar su rendimiento a través de la nutrición."",
      ""tendencias_generales_snacks_saludables"": ""A nivel general, varias tendencias clave están moldeando el mercado de snacks saludables. Los ingredientes naturales y orgánicos son cada vez más populares, con los consumidores buscando productos que contengan ingredientes reconocibles y que eviten aditivos artificiales. Las proteínas de origen vegetal están ganando terreno, impulsadas por el aumento del vegetarianismo y el veganismo, así como por la percepción de que las proteínas vegetales son más saludables y sostenibles. Los snacks bajos en azúcar y carbohidratos también están en auge, debido a la creciente preocupación por la obesidad y la diabetes. Además, la conveniencia sigue siendo un factor importante, con los consumidores buscando snacks fáciles de transportar y consumir sobre la marcha. La transparencia en el etiquetado y la sostenibilidad son también factores cada vez más relevantes en la decisión de compra."",
      ""analisis_tendencia_snacks_deportistas_rendimiento"": ""El segmento de snacks para deportistas y rendimiento se centra en productos diseñados para proporcionar energía sostenida, mejorar la recuperación muscular y optimizar el rendimiento deportivo. Este segmento se dirige tanto a atletas profesionales como a aficionados que buscan mejorar su desempeño físico. Los ingredientes clave en estos snacks incluyen proteínas (especialmente proteínas de suero de leche, caseína y proteínas vegetales), carbohidratos complejos (como avena y quinoa), grasas saludables (como nueces y semillas), electrolitos (sodio, potasio, magnesio) y vitaminas y minerales. La demanda de snacks para deportistas y rendimiento está impulsada por la creciente popularidad de actividades como el running, el ciclismo, el entrenamiento funcional y el yoga. Los consumidores buscan snacks que puedan consumir antes, durante o después del ejercicio para obtener los máximos beneficios."",
      ""habitos_consumo_ingredientes"": ""Los hábitos de consumo en el segmento de snacks para deportistas y rendimiento varían según el tipo de actividad física y el momento del consumo. Los snacks pre-entrenamiento suelen ser ricos en carbohidratos para proporcionar energía, mientras que los snacks post-entrenamiento se centran en la recuperación muscular con un alto contenido de proteínas. Los snacks durante el ejercicio deben ser fáciles de digerir y proporcionar energía sostenida. Los ingredientes más populares incluyen barras energéticas, geles energéticos, batidos de proteínas, frutos secos, semillas y frutas deshidratadas. Los ingredientes emergentes incluyen adaptógenos (como ashwagandha y rhodiola) que se utilizan para reducir el estrés y mejorar la resistencia, así como ingredientes que mejoran la concentración (como la cafeína y la L-teanina)."",
      ""oportunidades_ideas_nuevos_snacks"": ""Existen varias oportunidades para la innovación en el segmento de snacks para deportistas y rendimiento. Una oportunidad es desarrollar snacks personalizados para diferentes tipos de actividades físicas y niveles de intensidad. Por ejemplo, se podrían crear snacks específicos para corredores de larga distancia, levantadores de pesas o practicantes de yoga. Otra oportunidad es desarrollar snacks que aborden necesidades específicas, como la mejora de la hidratación, la reducción de la inflamación o el apoyo a la salud intestinal. Se podrían explorar formatos innovadores, como snacks liofilizados, geles comestibles o barritas con texturas y sabores diferenciados. Algunas ideas concretas incluyen: 1. Barritas energéticas con adaptógenos y superalimentos para mejorar la resistencia y reducir el estrés. 2. Geles energéticos con electrolitos y aminoácidos para una hidratación y recuperación óptimas. 3. Batidos de proteínas vegetales con probióticos para apoyar la salud intestinal y la absorción de nutrientes. 4. Snacks de frutos secos y semillas con especias antiinflamatorias para reducir el dolor muscular. 5. Barritas proteicas con ingredientes que mejoran la concentración, como cafeína natural y L-teanina."",
      ""conclusion"": ""El mercado de snacks saludables, y en particular el segmento de snacks para deportistas y rendimiento, presenta una oportunidad significativa para las empresas que puedan ofrecer productos innovadores, nutritivos y convenientes. Al comprender las tendencias del mercado, los hábitos de consumo y las necesidades de los consumidores, las empresas pueden desarrollar snacks que satisfagan la creciente demanda de opciones saludables y que ayuden a los deportistas y personas activas a alcanzar su máximo potencial.""
    }
  }
]"
9,Ingredientes Ancestrales y Superfoods,"[
  {
    ""informe"": {
      ""titulo"": ""Informe Estratégico de Mercado: Tendencias Globales en Snacks Saludables con Énfasis en Ingredientes Ancestrales y Superfoods"",
      ""introduccion"": ""El mercado global de snacks saludables está experimentando un crecimiento exponencial impulsado por una mayor conciencia de los consumidores sobre la salud y el bienestar. Los consumidores modernos buscan opciones de snacks que no solo satisfagan sus antojos, sino que también ofrezcan beneficios nutricionales tangibles. Esta tendencia ha abierto un vasto campo de oportunidades para la innovación en la industria alimentaria, especialmente en el uso de ingredientes ancestrales y superfoods."",
      ""tendencias_generales_mercado_snacks_saludables"": ""Varias tendencias clave están moldeando el panorama actual del mercado de snacks saludables. En primer lugar, la demanda de productos bajos en azúcar, sal y grasas saturadas continúa en aumento. Los consumidores están leyendo las etiquetas nutricionales con mayor atención y prefieren productos con ingredientes naturales y mínimos procesamientos. En segundo lugar, la conveniencia sigue siendo un factor crucial. Los snacks deben ser fáciles de consumir en cualquier momento y lugar, adaptándose al estilo de vida ajetreado de los consumidores. En tercer lugar, la sostenibilidad está ganando terreno. Los consumidores están cada vez más interesados en el origen de los ingredientes y en las prácticas de producción responsables con el medio ambiente. Finalmente, la personalización está emergiendo como una tendencia importante, con consumidores buscando snacks que se adapten a sus necesidades dietéticas específicas, como opciones sin gluten, veganas o paleo."",
      ""analisis_profundo_ingredientes_ancestrales_y_superfoods"": ""La tendencia de ingredientes ancestrales y superfoods se ha consolidado como un pilar fundamental en el mercado de snacks saludables. Los ingredientes ancestrales, como la quinoa, el amaranto, la chía y el teff, ofrecen una rica fuente de nutrientes y fibra, además de evocar una conexión con tradiciones culinarias antiguas. Los superfoods, como las bayas de goji, el acai, la espirulina y la maca, son valorados por su alta concentración de antioxidantes, vitaminas y minerales. Estos ingredientes no solo aportan beneficios nutricionales, sino que también añaden un atractivo diferenciador a los productos, permitiendo a las marcas destacar en un mercado competitivo. El atractivo de estos ingredientes radica en su percepción como 'naturales' y 'poco procesados', lo que resuena fuertemente con los consumidores preocupados por su salud. Además, su uso puede contribuir a la historia de la marca, conectando con narrativas de autenticidad y bienestar holístico. El desafío radica en formular productos que mantengan el sabor y la textura atractivos, al tiempo que maximizan los beneficios nutricionales de estos ingredientes."",
      ""habitos_del_consumidor_y_oportunidades"": ""Los hábitos de consumo de snacks han evolucionado significativamente. Los consumidores ya no se limitan a consumir snacks entre comidas principales, sino que los incorporan como parte integral de su dieta diaria. Esto ha creado oportunidades para snacks que puedan sustituir comidas ligeras o complementar una alimentación equilibrada. La búsqueda de snacks que ofrezcan energía sostenida, mejoren la concentración o promuevan la salud digestiva está en aumento. Las oportunidades en este mercado son vastas. Existe una demanda creciente de snacks que combinen ingredientes ancestrales y superfoods con formatos innovadores y convenientes. Por ejemplo, barras energéticas con chía y maca, galletas horneadas con quinoa y arándanos, o chips de verduras con espirulina y sal marina. Además, la creciente popularidad de las dietas basadas en plantas ha abierto un nicho importante para snacks veganos elaborados con ingredientes ancestrales y superfoods. La clave del éxito radica en la capacidad de las marcas para comprender las necesidades y preferencias de los consumidores, y en ofrecer productos que sean a la vez saludables, deliciosos y convenientes."",
      ""ideas_concretas_nuevos_snacks_ingredientes_ancestrales_superfoods"": ""A continuación, se proponen algunas ideas concretas para nuevos snacks basados en ingredientes ancestrales y superfoods:\n\n1.  **Barras Energéticas Funcionales:** Barras elaboradas con una base de dátiles y nueces, enriquecidas con quinoa inflada, semillas de chía, bayas de goji y proteína de guisante. Estas barras podrían estar diseñadas para proporcionar energía sostenida antes o después del ejercicio, o para mejorar la concentración durante el trabajo o el estudio.\n\n2.  **Chips de Vegetales Ancestrales:** Chips elaborados con raíces andinas como la oca o la mashua, horneadas y sazonadas con especias naturales y un toque de espirulina para un extra de nutrientes y un color atractivo.\n\n3.  **Galletas Horneadas de Granos Ancestrales:** Galletas elaboradas con una mezcla de harina de teff, amaranto y quinoa, endulzadas con miel de agave y enriquecidas con arándanos deshidratados y semillas de calabaza. Estas galletas podrían ser una alternativa saludable a las galletas convencionales, ofreciendo un perfil nutricional superior y un sabor delicioso.\n\n4.  **Snacks de Frutas Deshidratadas con Superfoods:** Trozos de frutas deshidratadas, como mango o piña, recubiertos con una mezcla de cacao nibs, semillas de cáñamo y maca en polvo. Estos snacks podrían ser una opción indulgente pero saludable para satisfacer los antojos de dulce.\n\n5.  **Bocaditos de Quinoa Inflada con Sabor:** Pequeños bocaditos de quinoa inflada recubiertos con chocolate negro y espolvoreados con sal marina y açaí en polvo. Un snack crujiente y sabroso con un extra de antioxidantes."",
      ""conclusion"": ""El mercado de snacks saludables ofrece un terreno fértil para la innovación, especialmente en el ámbito de los ingredientes ancestrales y superfoods. Las marcas que sepan aprovechar estas tendencias y ofrecer productos que satisfagan las necesidades y preferencias de los consumidores estarán bien posicionadas para tener éxito en este mercado en constante evolución. La clave reside en combinar la ciencia de la nutrición con el arte de la gastronomía, creando snacks que sean a la vez saludables, deliciosos y convenientes.""
    }
  }
]"
10,Convenience y Formatos On-the-Go,"{
  ""informe"": {
    ""titulo"": ""Informe Estratégico: Tendencias Globales en Snacks Saludables - Foco en Convenience y Formatos On-the-Go"",
    ""introduccion"": ""El mercado global de snacks saludables está experimentando una transformación significativa impulsada por un consumidor cada vez más consciente de la salud y con un estilo de vida agitado. Esta evolución presenta oportunidades sustanciales para la innovación, especialmente en el segmento de productos convenientes y diseñados para el consumo 'on-the-go'. Este informe analiza las tendencias clave, los hábitos del consumidor y las oportunidades emergentes en este dinámico mercado."",
    ""tendencias_generales_del_mercado_de_snacks_saludables"": ""Observamos un crecimiento sostenido en la demanda de snacks que ofrezcan beneficios nutricionales tangibles más allá de la mera saciedad. Los consumidores buscan activamente productos con ingredientes naturales, bajos en azúcar, ricos en proteínas, fibra o probióticos. La transparencia en el etiquetado y la autenticidad de los ingredientes son factores cruciales en la decisión de compra. Además, la sostenibilidad y el impacto ambiental de los productos están ganando relevancia, influyendo en la preferencia por marcas comprometidas con prácticas responsables."",
    ""analisis_profundo_de_convenience_y_formatos_on_the_go"": ""La conveniencia se ha convertido en un factor determinante en el mercado de snacks. Los consumidores, con agendas apretadas, demandan soluciones rápidas y fáciles de consumir en cualquier lugar y momento. Los formatos 'on-the-go', como barritas, pouches, envases individuales y productos resellables, están experimentando un auge significativo. La clave reside en combinar la conveniencia con la salud, ofreciendo opciones nutritivas que se adapten a las necesidades específicas de cada momento del día: desde el desayuno rápido hasta el tentempié post-entrenamiento o el snack para combatir el hambre entre comidas."",
    ""habitos_del_consumidor_y_oportunidades_emergentes"": ""Los hábitos del consumidor están evolucionando hacia un snacking más frecuente y consciente. En lugar de las tres comidas tradicionales, muchos optan por consumir pequeñas porciones de alimentos a lo largo del día para mantener niveles de energía estables y controlar el apetito. Esto crea oportunidades para desarrollar snacks que se adapten a diferentes momentos del día y necesidades nutricionales. Por ejemplo, snacks energéticos para la mañana, snacks saciantes para la tarde y snacks relajantes para la noche. Además, la personalización y la adaptación a dietas específicas (veganas, sin gluten, keto, etc.) son cada vez más importantes."",
    ""ingredientes_estrella_y_nuevas_formulaciones"": ""Ciertos ingredientes están ganando popularidad en el mercado de snacks saludables debido a sus beneficios nutricionales y su versatilidad. Las proteínas vegetales (guisante, soja, arroz), los frutos secos y semillas, las frutas deshidratadas, los superalimentos (quinoa, chía, bayas de goji) y los edulcorantes naturales (estevia, eritritol) son ejemplos de ingredientes clave en las nuevas formulaciones. La innovación reside en combinar estos ingredientes de manera creativa para ofrecer sabores atractivos y texturas innovadoras, sin comprometer la salud."",
    ""ideas_concretas_de_nuevos_snacks_on_the_go"": ""Basado en las tendencias analizadas, proponemos las siguientes ideas concretas de nuevos snacks 'on-the-go':\n\n1.  **Barritas energéticas personalizables:** Barritas con una base de frutos secos y semillas a las que se pueden añadir toppings individuales (frutas deshidratadas, chocolate negro, especias) para crear una experiencia personalizada y adaptada a las preferencias de cada consumidor.\n\n2.  **Pouches de puré de frutas y verduras con probióticos:** Una opción saludable y conveniente para niños y adultos, que combina la nutrición de las frutas y verduras con los beneficios para la salud intestinal de los probióticos.\n\n3.  **Snacks de legumbres tostadas y especiadas:** Garbanzos, lentejas o habas tostadas con diferentes especias para ofrecer un snack crujiente, rico en proteínas y fibra, ideal para picar entre horas.\n\n4.  **Mini muffins proteicos sin gluten:** Muffins elaborados con harina de almendras o coco, enriquecidos con proteína vegetal y endulzados con edulcorantes naturales, perfectos para un desayuno rápido o un tentempié post-entrenamiento.\n\n5.  **Rollitos de alga nori rellenos de quinoa y verduras:** Una alternativa saludable y original a los snacks tradicionales, que combina la textura crujiente del alga nori con la nutrición de la quinoa y las verduras frescas."",
    ""conclusion"": ""El mercado de snacks saludables, especialmente en el segmento de conveniencia y formatos 'on-the-go', presenta un gran potencial de crecimiento. La clave para el éxito reside en la innovación constante, la adaptación a las necesidades del consumidor y el compromiso con la salud y la sostenibilidad. Las ideas propuestas en este informe son solo un punto de partida para explorar las numerosas oportunidades que ofrece este dinámico mercado.""
  }
}"
11,Etiquetado Limpio y Transparencia,"[
  {
    ""informe"": {
      ""titulo"": ""Informe Estratégico de Mercado: Snacks Saludables y la Tendencia de Etiquetado Limpio y Transparencia"",
      ""introduccion"": ""El mercado global de snacks saludables está experimentando un crecimiento significativo impulsado por una mayor conciencia de los consumidores sobre la salud y el bienestar. Esta tendencia se manifiesta en la creciente demanda de productos con ingredientes naturales, bajos en azúcares y grasas saturadas, y que ofrezcan beneficios nutricionales adicionales. Dentro de este contexto, la transparencia y el etiquetado limpio se han convertido en factores cruciales que influyen en las decisiones de compra."",
      ""tendencias_generales_mercado_snacks_saludables"": ""El mercado de snacks saludables se caracteriza por varias tendencias clave. En primer lugar, observamos una diversificación de ingredientes, con una creciente popularidad de alternativas a los cereales tradicionales como la quinoa, el amaranto y el trigo sarraceno. Las legumbres, como los garbanzos y las lentejas, también están ganando terreno como base para snacks crujientes y nutritivos. Además, las frutas y verduras deshidratadas o liofilizadas, a menudo combinadas con frutos secos y semillas, ofrecen opciones convenientes y ricas en vitaminas y minerales. Otra tendencia importante es la reducción del contenido de azúcar, sal y grasas saturadas, impulsada por las recomendaciones de las autoridades sanitarias y la demanda de los consumidores. Los edulcorantes naturales como el stevia, el eritritol y el extracto de fruta del monje se utilizan cada vez más para endulzar los snacks sin añadir calorías vacías."",
      ""enfoque_etiquetado_limpio_y_transparencia"": ""La tendencia del etiquetado limpio y la transparencia se centra en la demanda de los consumidores por información clara, concisa y comprensible sobre los ingredientes y el proceso de elaboración de los alimentos. Esto implica evitar el uso de ingredientes artificiales, conservantes, colorantes y sabores artificiales, así como proporcionar información detallada sobre el origen de los ingredientes y las prácticas de producción sostenibles. Los consumidores buscan etiquetas que sean fáciles de entender, con listas de ingredientes cortas y nombres reconocibles. La transparencia también se extiende a la comunicación de los valores nutricionales de los snacks, con un enfoque en la cantidad de calorías, grasas, azúcares, proteínas y fibra. Las empresas que adoptan prácticas de etiquetado limpio y transparencia pueden construir una mayor confianza con los consumidores y diferenciarse de la competencia."",
      ""habitos_consumo_relacionados"": ""Los hábitos de consumo relacionados con los snacks saludables están evolucionando. Los consumidores buscan snacks que se adapten a sus estilos de vida activos y que puedan consumir en cualquier momento y lugar. Esto ha impulsado la demanda de snacks en formatos convenientes, como porciones individuales y envases resellables. Además, los consumidores están cada vez más interesados en snacks que ofrezcan beneficios funcionales adicionales, como mejorar la energía, la concentración, la digestión o el sistema inmunológico. Los snacks ricos en proteínas, fibra y probióticos están ganando popularidad debido a sus efectos positivos en la salud. También se observa una creciente demanda de snacks veganos, vegetarianos y sin gluten, impulsada por la creciente adopción de dietas alternativas."",
      ""ingredientes_clave_y_oportunidades"": ""Algunos ingredientes clave que están impulsando el mercado de snacks saludables incluyen frutos secos y semillas (almendras, nueces, semillas de chía, semillas de lino), legumbres (garbanzos, lentejas, guisantes), frutas y verduras (manzanas, zanahorias, bayas, kale), cereales integrales (avena, quinoa, arroz integral) y edulcorantes naturales (stevia, eritritol, extracto de fruta del monje). Las oportunidades en este mercado son amplias. Existe la posibilidad de desarrollar snacks innovadores que combinen ingredientes saludables con sabores atractivos y texturas interesantes. Por ejemplo, se podrían crear snacks crujientes a base de legumbres con especias exóticas, barritas energéticas con frutos secos y semillas con un toque de chocolate negro, o chips de verduras deshidratadas con hierbas aromáticas. Otra oportunidad es la de ofrecer snacks personalizados que se adapten a las necesidades específicas de cada consumidor, como snacks para deportistas, snacks para personas con diabetes o snacks para niños."",
      ""propuestas_nuevos_snacks_etiquetado_limpio_y_transparente"": ""Para capitalizar la tendencia del etiquetado limpio y la transparencia, propongo las siguientes ideas concretas de nuevos snacks: 1. **Chips de batata y remolacha horneados con aceite de oliva y sal marina:** Un snack simple, saludable y delicioso, con una lista de ingredientes corta y fácilmente comprensible. 2. **Barritas energéticas de dátiles, nueces y semillas con cacao puro:** Una opción nutritiva y energética, sin azúcares añadidos ni ingredientes artificiales. 3. **Garbanzos tostados con especias y hierbas aromáticas:** Un snack crujiente y rico en proteínas y fibra, con un sabor intenso y una lista de ingredientes transparente. 4. **Bolitas de quinoa inflada con mantequilla de almendras y miel cruda:** Un snack dulce y saludable, con ingredientes naturales y un proceso de elaboración sencillo. 5. **Mezcla de frutos secos y bayas liofilizadas con un toque de jengibre:** Una opción antioxidante y energizante, con ingredientes de alta calidad y un sabor refrescante."",
      ""conclusion"": ""El mercado de snacks saludables ofrece un gran potencial para las empresas que apuesten por la innovación, la calidad y la transparencia. La tendencia del etiquetado limpio y la transparencia es una oportunidad para construir una mayor confianza con los consumidores y diferenciarse de la competencia. Al desarrollar snacks con ingredientes naturales, procesos de elaboración sencillos y una comunicación clara y honesta, las empresas pueden satisfacer las necesidades de los consumidores conscientes de la salud y el bienestar y lograr un éxito sostenible en este mercado dinámico.""
    }
  }
]"
12,Snacks Nocturnos y Relajación,"{
  ""informe"": {
    ""titulo"": ""Informe Estratégico de Mercado: Tendencias Globales en Snacks Saludables con Énfasis en Snacks Nocturnos y Relajación"",
    ""introduccion"": ""El mercado global de snacks saludables está experimentando una transformación significativa impulsada por un consumidor cada vez más consciente de la salud y el bienestar. Esta evolución presenta oportunidades estratégicas para la innovación, especialmente en nichos emergentes como el de los snacks nocturnos diseñados para la relajación y la mejora del sueño. Este informe analiza las tendencias clave, los hábitos de consumo, los ingredientes emergentes y las oportunidades de mercado, con un enfoque particular en el desarrollo de nuevos productos que satisfagan la creciente demanda de snacks que promuevan el bienestar nocturno."",
    ""tendencias_generales_snacks_saludables"": ""La tendencia general en el mercado de snacks saludables se caracteriza por una demanda creciente de productos con etiquetas limpias, ingredientes naturales y funcionales, y perfiles nutricionales mejorados. Los consumidores buscan snacks que ofrezcan beneficios adicionales más allá de la simple satisfacción del hambre, como el aumento de la energía, la mejora de la digestión, el fortalecimiento del sistema inmunológico y la promoción de la salud mental. Los snacks basados en plantas, ricos en proteínas, bajos en azúcar y sin gluten están ganando popularidad rápidamente. La sostenibilidad y el abastecimiento ético también son factores cada vez más importantes en las decisiones de compra."",
    ""analisis_snacks_nocturnos_relajacion"": ""El segmento de snacks nocturnos y relajación representa una oportunidad de crecimiento significativa dentro del mercado de snacks saludables. Los consumidores están buscando alternativas más saludables a los snacks tradicionales altos en azúcar y grasas que suelen consumir antes de acostarse. La creciente conciencia sobre la importancia del sueño para la salud física y mental está impulsando la demanda de snacks que promuevan la relajación, reduzcan el estrés y faciliten un sueño reparador. Ingredientes como la melatonina, el magnesio, la manzanilla, la lavanda y el L-triptófano están ganando popularidad en la formulación de estos productos."",
    ""habitos_consumo_snacks_nocturnos"": ""Los hábitos de consumo de snacks nocturnos varían según la edad, el estilo de vida y las preferencias individuales. Sin embargo, algunas tendencias comunes incluyen la búsqueda de snacks ligeros y fáciles de digerir, el consumo en porciones controladas para evitar el exceso de calorías y la preferencia por sabores suaves y reconfortantes. Muchos consumidores buscan snacks que puedan disfrutar como parte de una rutina relajante antes de acostarse, como leer un libro o meditar. La conveniencia es también un factor importante, con una preferencia por snacks que estén listos para consumir y que no requieran preparación."",
    ""ingredientes_clave_snacks_relajacion"": ""Varios ingredientes se destacan por sus propiedades relajantes y promotoras del sueño. La melatonina, una hormona que regula el ciclo sueño-vigilia, es un ingrediente popular en suplementos y snacks nocturnos. El magnesio, un mineral esencial, ayuda a relajar los músculos y reducir el estrés. La manzanilla y la lavanda son hierbas conocidas por sus efectos calmantes. El L-triptófano, un aminoácido, es un precursor de la serotonina y la melatonina, neurotransmisores que regulan el estado de ánimo y el sueño. Otros ingredientes prometedores incluyen la pasiflora, la valeriana y el CBD (cannabidiol), aunque este último requiere una consideración cuidadosa de las regulaciones locales."",
    ""oportunidades_innovacion"": ""Existen numerosas oportunidades para la innovación en el desarrollo de snacks nocturnos y relajantes. Algunas ideas concretas incluyen: 1) Barritas de cereales integrales con melatonina y magnesio, endulzadas con dátiles y aromatizadas con lavanda. 2) Galletas horneadas a base de avena y almendras con infusión de manzanilla y un toque de miel. 3) Batidos premezclados con leche de almendras, plátano, L-triptófano y proteína de guisante. 4) Palomitas de maíz con aceite de coco y espolvoreadas con levadura nutricional y especias relajantes como la nuez moscada y el jengibre. 5) Frutos secos (nueces, almendras) recubiertos de chocolate negro con alto contenido de cacao y un toque de sal marina. Estos productos deben destacar por su perfil nutricional saludable, su sabor agradable y sus beneficios funcionales para la relajación y el sueño."",
    ""conclusion"": ""El mercado de snacks nocturnos y relajantes ofrece un potencial significativo para las empresas de alimentos que estén dispuestas a innovar y a satisfacer las necesidades cambiantes de los consumidores. Al enfocarse en ingredientes naturales y funcionales, sabores reconfortantes y formatos convenientes, las empresas pueden desarrollar productos que ayuden a los consumidores a relajarse, a reducir el estrés y a mejorar la calidad de su sueño. El éxito en este mercado requerirá una comprensión profunda de las tendencias del consumidor, una investigación exhaustiva de los ingredientes y una estrategia de marketing efectiva que comunique los beneficios de los productos de manera clara y transparente.""
  }
}"
13,Bebidas Funcionales como Snack,"[
  {
    ""informe"": {
      ""titulo"": ""Informe Estratégico de Mercado: Tendencias Globales en Snacks Saludables y el Auge de las Bebidas Funcionales como Snack"",
      ""introduccion"": ""El mercado global de snacks saludables está experimentando una transformación radical impulsada por una creciente conciencia del consumidor sobre la salud y el bienestar. Los consumidores buscan opciones nutritivas, convenientes y que ofrezcan beneficios adicionales más allá de la simple satisfacción del hambre. Esta tendencia ha abierto un abanico de oportunidades para la innovación, especialmente en la convergencia de alimentos y bebidas funcionales."",
      ""tendencias_generales_snacks_saludables"": ""Varias tendencias clave están configurando el panorama de los snacks saludables. En primer lugar, la demanda de ingredientes naturales y orgánicos sigue en aumento. Los consumidores están cada vez más informados sobre los ingredientes que consumen y prefieren productos con etiquetas limpias, sin aditivos artificiales, conservantes ni colorantes. En segundo lugar, la personalización de la nutrición está ganando terreno. Los consumidores buscan snacks adaptados a sus necesidades y preferencias individuales, como opciones sin gluten, veganas, altas en proteínas o bajas en carbohidratos. En tercer lugar, la conveniencia sigue siendo un factor crucial. Los snacks deben ser fáciles de transportar, consumir y almacenar, adaptándose a los estilos de vida ajetreados de los consumidores modernos. Finalmente, la sostenibilidad se está convirtiendo en un factor de decisión importante. Los consumidores buscan marcas que adopten prácticas responsables con el medio ambiente, desde el abastecimiento de ingredientes hasta el embalaje."",
      ""enfoque_especifico_bebidas_funcionales_como_snack"": ""Dentro de este contexto, las bebidas funcionales como snack han emergido como una categoría de rápido crecimiento. Estas bebidas no solo hidratan, sino que también ofrecen beneficios adicionales para la salud, como aumentar la energía, mejorar la concentración, fortalecer el sistema inmunológico o promover la salud digestiva. La clave del éxito de estas bebidas radica en la combinación de ingredientes nutritivos y funcionales, como proteínas, fibra, vitaminas, minerales, probióticos, adaptógenos y extractos de plantas. El auge de esta tendencia se debe a la creciente demanda de soluciones de bienestar holísticas y convenientes. Los consumidores buscan formas sencillas de incorporar nutrientes y beneficios adicionales a su dieta diaria, y las bebidas funcionales ofrecen una alternativa práctica y atractiva a los snacks tradicionales."",
      ""habitos_de_consumo_y_oportunidades"": ""Los hábitos de consumo de snacks están cambiando. Los consumidores ya no se limitan a los tres horarios tradicionales de comida y buscan snacks a lo largo del día para mantener la energía, controlar el apetito o satisfacer antojos. Esto crea oportunidades para desarrollar bebidas funcionales que se adapten a diferentes momentos del día y necesidades específicas. Por ejemplo, una bebida rica en proteínas y fibra podría ser ideal para un desayuno rápido o un snack post-entrenamiento, mientras que una bebida con adaptógenos y L-teanina podría ser perfecta para mejorar la concentración y reducir el estrés durante la tarde. Además, existe una creciente demanda de bebidas funcionales que aborden problemas de salud específicos, como la salud intestinal, la salud cognitiva o la salud cardiovascular."",
      ""ingredientes_clave_y_tendencias"": ""La innovación en ingredientes es fundamental para el éxito de las bebidas funcionales como snack. Algunos ingredientes clave que están ganando popularidad incluyen: Proteínas vegetales (guisante, arroz, soja), fibra prebiótica (inulina, FOS), probióticos (Lactobacillus, Bifidobacterium), adaptógenos (ashwagandha, rhodiola, ginseng), MCT (triglicéridos de cadena media), vitaminas (C, D, B12), minerales (magnesio, zinc), antioxidantes (extracto de té verde, bayas), y edulcorantes naturales (stevia, monk fruit). La tendencia se dirige hacia la combinación de múltiples ingredientes funcionales en una sola bebida, creando productos sinérgicos que ofrecen una amplia gama de beneficios para la salud. Además, se están explorando nuevas fuentes de ingredientes funcionales, como algas, hongos y subproductos de la industria alimentaria."",
      ""ideas_concretas_de_nuevos_snacks_relacionadas_con_bebidas_funcionales"": ""Para capitalizar la tendencia de las bebidas funcionales como snack, se proponen las siguientes ideas concretas de nuevos productos: 1. Batidos proteicos funcionales: Batidos listos para beber con una base de proteína vegetal, enriquecidos con fibra prebiótica, probióticos, vitaminas y minerales. Se podrían ofrecer en diferentes sabores y formatos, como batidos para el desayuno, batidos post-entrenamiento o batidos para el control de peso. 2. Aguas funcionales con adaptógenos: Aguas saborizadas naturalmente con extractos de plantas adaptógenas, como ashwagandha o rhodiola, para ayudar a reducir el estrés y mejorar la concentración. Se podrían ofrecer en diferentes sabores y con diferentes niveles de intensidad. 3. Shots de energía natural: Pequeñas dosis de energía natural a base de ingredientes como extracto de guaraná, té verde y jengibre, combinados con vitaminas B y electrolitos. Se podrían ofrecer como una alternativa más saludable a las bebidas energéticas tradicionales. 4. Smoothies funcionales congelados: Bolsas de smoothies congelados con una mezcla de frutas, verduras, proteínas, fibra y superalimentos. Los consumidores solo tendrían que añadir agua o leche y batir para obtener un snack nutritivo y refrescante. 5. Barritas energéticas inspiradas en bebidas funcionales: Barritas energéticas que imiten los sabores y beneficios de las bebidas funcionales. Por ejemplo, una barrita con sabor a café y extracto de guaraná para un impulso de energía, o una barrita con sabor a bayas y antioxidantes para fortalecer el sistema inmunológico."",
      ""conclusion"": ""El mercado de snacks saludables está en constante evolución, y las bebidas funcionales como snack representan una oportunidad de crecimiento significativa para las empresas de alimentos y bebidas. Al comprender las tendencias, los hábitos de consumo y los ingredientes clave, y al desarrollar productos innovadores que satisfagan las necesidades y preferencias de los consumidores, las empresas pueden posicionarse para el éxito en este mercado dinámico y competitivo.""
    }
  }
]"
14,Alternativas a la Carne (Jerky vegano),"[
  {
    ""informe"": {
      ""titulo"": ""Informe Estratégico de Mercado: Snacks Saludables y Alternativas a la Carne (Jerky Vegano)"",
      ""introduccion"": ""El mercado global de snacks saludables está experimentando un crecimiento exponencial, impulsado por una creciente conciencia sobre la salud y el bienestar, así como por la búsqueda de opciones alimentarias más sostenibles y éticas. Los consumidores, especialmente las generaciones más jóvenes, están redefiniendo el concepto de snacking, buscando productos que ofrezcan nutrición, conveniencia y un impacto positivo en el medio ambiente. Este informe analiza las tendencias clave que están moldeando este mercado, con un enfoque particular en la creciente popularidad de las alternativas a la carne, específicamente el jerky vegano, y las oportunidades que presenta para la innovación."",
      ""tendencias_globales_snacks_saludables"": ""El panorama de los snacks saludables está marcado por varias tendencias convergentes. En primer lugar, la transparencia y la autenticidad de los ingredientes son cruciales. Los consumidores demandan etiquetas limpias, con ingredientes reconocibles y de origen sostenible. Se valoran los productos que son bajos en azúcar, sal y grasas saturadas, y que ofrecen un alto contenido de proteínas, fibra y nutrientes esenciales. En segundo lugar, la conveniencia sigue siendo un factor determinante. Los snacks deben ser fáciles de consumir en cualquier momento y lugar, adaptándose a los estilos de vida ajetreados de los consumidores modernos. El packaging juega un papel fundamental en este aspecto, priorizando la portabilidad y la sostenibilidad. En tercer lugar, la personalización y la diversificación de sabores son cada vez más importantes. Los consumidores buscan experiencias sensoriales únicas y productos que se adapten a sus preferencias dietéticas individuales, ya sean veganas, vegetarianas, sin gluten o bajas en carbohidratos. Finalmente, la sostenibilidad y el impacto social son consideraciones clave. Los consumidores están cada vez más preocupados por el impacto ambiental de sus elecciones alimentarias y buscan marcas que adopten prácticas responsables en toda su cadena de suministro."",
      ""analisis_tendencia_alternativas_carne_jerky_vegano"": ""Dentro del mercado de snacks saludables, las alternativas a la carne están ganando terreno rápidamente. El jerky vegano, en particular, se presenta como una opción innovadora y atractiva para los consumidores que buscan reducir su consumo de carne, ya sea por razones de salud, éticas o ambientales. El jerky vegano tradicionalmente se elabora a partir de ingredientes como setas, seitán, tofu, tempeh, proteína de soja texturizada (TVP) o incluso frutas y verduras deshidratadas, marinadas en una variedad de especias y salsas para imitar el sabor y la textura del jerky de carne. La clave del éxito del jerky vegano radica en su capacidad para ofrecer una experiencia sensorial similar a la del jerky tradicional, con un alto contenido de proteínas y un perfil nutricional mejorado. Además, el jerky vegano se beneficia de la creciente popularidad del veganismo y el vegetarianismo, así como de la percepción de que las alternativas a la carne son más saludables y sostenibles que los productos cárnicos. El mercado está viendo un aumento en la innovación en términos de ingredientes, sabores y formatos, con marcas que experimentan con combinaciones audaces y exóticas para atraer a un público más amplio."",
      ""habitos_ingredientes_oportunidades"": ""Los hábitos de consumo de jerky vegano reflejan las tendencias generales del mercado de snacks saludables. Los consumidores suelen consumir jerky vegano como un snack entre comidas, un tentempié después del entrenamiento o un complemento para sus almuerzos y cenas. Los ingredientes clave que impulsan el crecimiento del mercado de jerky vegano incluyen proteínas de origen vegetal, como la proteína de guisante, la proteína de soja y la proteína de arroz, así como ingredientes naturales y orgánicos, como las setas shiitake, las algas marinas y las especias exóticas. Las oportunidades para la innovación en el mercado de jerky vegano son abundantes. Se pueden explorar nuevos ingredientes y combinaciones de sabores, como el uso de frutas y verduras deshidratadas para crear jerky vegano dulce y salado, o la incorporación de superalimentos y adaptógenos para mejorar el perfil nutricional del producto. También existe la oportunidad de desarrollar formatos innovadores, como jerky vegano en polvo para añadir a batidos y sopas, o jerky vegano en forma de barritas energéticas. Además, las marcas pueden enfocarse en nichos de mercado específicos, como el jerky vegano para deportistas, el jerky vegano para niños o el jerky vegano para personas con alergias alimentarias."",
      ""ideas_concretas_nuevos_snacks_jerky_vegano"": ""Para capitalizar las oportunidades en el mercado de jerky vegano, se proponen las siguientes ideas concretas de nuevos snacks: 1) Jerky Vegano Funcional: Jerky vegano enriquecido con vitaminas, minerales y probióticos para mejorar la salud digestiva y el sistema inmunológico. Los sabores podrían incluir arándano y jengibre para un efecto antioxidante, o espinacas y kale para un aporte de vitaminas y minerales. 2) Jerky Vegano Gourmet: Jerky vegano elaborado con ingredientes de alta calidad y sabores sofisticados, como trufa negra, aceite de oliva virgen extra y especias exóticas. Este producto se dirigiría a un público más exigente que busca una experiencia gastronómica única. 3) Jerky Vegano Personalizable: Jerky vegano base que los consumidores pueden personalizar con sus propias especias y salsas. Esto permitiría a los consumidores crear su propio sabor único y adaptarlo a sus preferencias individuales. 4) Jerky Vegano para Niños: Jerky vegano con sabores suaves y atractivos para los niños, como manzana y canela, o zanahoria y jengibre. El producto podría estar fortificado con vitaminas y minerales esenciales para el crecimiento y el desarrollo. 5) Jerky Vegano Texturizado: Jerky vegano con diferentes texturas, desde crujiente hasta masticable, para satisfacer las preferencias individuales de los consumidores. Se podría lograr esto utilizando diferentes ingredientes y técnicas de deshidratación."",
      ""conclusion"": ""El mercado de snacks saludables, y en particular el de jerky vegano, presenta un enorme potencial de crecimiento. Las marcas que sepan identificar y satisfacer las necesidades de los consumidores, ofreciendo productos innovadores, saludables, sostenibles y convenientes, estarán bien posicionadas para tener éxito en este mercado dinámico y competitivo. La clave está en la innovación constante, la atención a las tendencias emergentes y la capacidad de adaptarse a las preferencias cambiantes de los consumidores.""
    }
  }
]"
15,Frutas y Verduras Deshidratadas,"{
  ""informe"": {
    ""titulo"": ""Informe Estratégico de Mercado: Tendencias Globales en Snacks Saludables, con Foco en Frutas y Verduras Deshidratadas"",
    ""introduccion"": ""El mercado global de snacks saludables está experimentando un crecimiento dinámico impulsado por una mayor conciencia del consumidor sobre la salud y el bienestar. Los consumidores buscan alternativas nutritivas y convenientes a los snacks tradicionales, lo que crea oportunidades significativas para la innovación y el desarrollo de productos. Este informe analiza las tendencias clave en el mercado de snacks saludables, con un enfoque particular en el segmento de frutas y verduras deshidratadas, identificando oportunidades estratégicas para nuevos productos y enfoques."",
    ""tendencias_generales_snacks_saludables"": ""Varias tendencias importantes están dando forma al mercado de snacks saludables. En primer lugar, la demanda de ingredientes naturales y mínimamente procesados está en aumento. Los consumidores buscan etiquetas limpias y evitan aditivos artificiales, conservantes y azúcares añadidos. En segundo lugar, la sostenibilidad se está convirtiendo en un factor decisivo. Los consumidores prefieren marcas que demuestren un compromiso con prácticas agrícolas responsables, embalajes ecológicos y la reducción de la huella de carbono. En tercer lugar, la personalización y la conveniencia son cruciales. Los consumidores buscan snacks que se adapten a sus necesidades dietéticas específicas (por ejemplo, sin gluten, veganos, keto) y que sean fáciles de consumir sobre la marcha. Finalmente, la búsqueda de sabores exóticos y globales está impulsando la innovación, con ingredientes y combinaciones inspiradas en diversas culturas culinarias."",
    ""analisis_frutas_verduras_deshidratadas"": ""El segmento de frutas y verduras deshidratadas se beneficia directamente de estas tendencias. La deshidratación es un método de conservación natural que preserva los nutrientes y el sabor, ofreciendo una alternativa saludable a los snacks procesados. Las frutas y verduras deshidratadas son inherentemente ricas en vitaminas, minerales y fibra, lo que las convierte en una opción atractiva para los consumidores preocupados por la salud. Además, su larga vida útil y su portabilidad las hacen ideales para el consumo fuera de casa. Sin embargo, es fundamental diferenciar los productos deshidratados de las opciones menos saludables que contienen azúcares añadidos o aceites. El éxito en este segmento requiere un enfoque en la transparencia de los ingredientes y la comunicación clara de los beneficios nutricionales."",
    ""habitos_consumo_frutas_verduras_deshidratadas"": ""Los hábitos de consumo de frutas y verduras deshidratadas son diversos y dependen del grupo demográfico y del uso previsto. Los padres a menudo eligen frutas deshidratadas como una opción saludable para los refrigerios escolares de sus hijos. Los atletas y personas activas las consumen como fuente rápida de energía y electrolitos. Los profesionales ocupados las disfrutan como un refrigerio conveniente y nutritivo entre comidas. Además, las frutas y verduras deshidratadas se utilizan cada vez más como ingredientes en recetas caseras, como granola, trail mix y productos horneados. La versatilidad de estos productos contribuye a su creciente popularidad."",
    ""ingredientes_clave_y_combinaciones_innovadoras"": ""Además de las frutas y verduras deshidratadas tradicionales, como manzanas, plátanos y zanahorias, existe un creciente interés en opciones más exóticas y funcionales. Las bayas de goji, la lúcuma y la pitaya deshidratadas ofrecen beneficios nutricionales adicionales y sabores únicos. La combinación de frutas y verduras deshidratadas con otros ingredientes saludables, como nueces, semillas y especias, puede crear snacks aún más atractivos. Por ejemplo, una mezcla de mango deshidratado, anacardos y jengibre ofrece un equilibrio de dulzura, salinidad y picante. La incorporación de hierbas y especias, como la canela, el cardamomo o el chile, puede realzar el sabor y proporcionar beneficios adicionales para la salud."",
    ""oportunidades_innovacion_snacks_frutas_verduras_deshidratadas"": ""Existen numerosas oportunidades para la innovación en el mercado de snacks de frutas y verduras deshidratadas. Una de ellas es el desarrollo de snacks deshidratados fortificados con vitaminas, minerales o probióticos para satisfacer necesidades nutricionales específicas. Otra es la creación de snacks deshidratados con sabores y texturas innovadoras, utilizando técnicas como la liofilización o la impregnación al vacío. La personalización también es una oportunidad clave. Las marcas pueden ofrecer snacks deshidratados personalizados basados en las preferencias individuales de los consumidores o en sus objetivos de salud. Finalmente, la exploración de nuevos canales de distribución, como las suscripciones en línea y las máquinas expendedoras saludables, puede ampliar el alcance de estos productos."",
    ""ideas_concretas_nuevos_snacks"": ""A continuación, se presentan algunas ideas concretas para nuevos snacks basados en frutas y verduras deshidratadas: \n\n*   **Chips de Verduras Deshidratadas Gourmet:** Chips finas de remolacha, batata y chirivía deshidratadas con aceites infusionados con hierbas y especias.\n\n*   **Bites Energéticos de Frutas y Semillas:** Pequeños bocados de dátiles, higos y albaricoques deshidratados combinados con semillas de chía, linaza y girasol.\n\n*   **Mix de Frutas Tropicales Exóticas:** Mezcla de mango, piña, papaya y maracuyá deshidratados con un toque de coco rallado.\n\n*   **Snack de Verduras Crujientes Liofilizadas:** Brócoli, coliflor y guisantes liofilizados sazonados con sal marina y pimienta negra.\n\n*   **Barritas de Frutas y Verduras Deshidratadas:** Barritas energéticas hechas con puré de manzana, zanahoria y calabaza deshidratados, nueces y especias."",
    ""conclusion"": ""El mercado de snacks saludables, y en particular el segmento de frutas y verduras deshidratadas, ofrece un potencial significativo para el crecimiento y la innovación. Al comprender las tendencias clave del mercado, los hábitos de consumo y las oportunidades de innovación, las marcas pueden desarrollar productos exitosos que satisfagan las necesidades y los deseos de los consumidores preocupados por la salud. La clave del éxito radica en la transparencia, la calidad de los ingredientes, la innovación en sabores y texturas, y la capacidad de comunicar eficazmente los beneficios nutricionales de estos productos.""
  }
}"
16,Salud Inmunológica,"{
  ""informe_estrategico"": {
    ""titulo"": ""Informe Estratégico de Mercado: Tendencias Globales en Snacks Saludables con Énfasis en la Salud Inmunológica"",
    ""introduccion"": ""El mercado global de snacks saludables está experimentando una transformación impulsada por una creciente conciencia del consumidor sobre la importancia de la nutrición para el bienestar general. Los consumidores buscan cada vez más opciones que no solo satisfagan sus antojos, sino que también ofrezcan beneficios funcionales y nutricionales. Dentro de este panorama, la salud inmunológica ha emergido como una tendencia clave, especialmente a raíz de los recientes desafíos sanitarios globales."",
    ""tendencias_generales_snacks_saludables"": ""Las tendencias generales en el mercado de snacks saludables abarcan una amplia gama de categorías. En primer lugar, observamos un fuerte enfoque en ingredientes naturales y mínimamente procesados. Los consumidores buscan etiquetas limpias, evitando aditivos artificiales, conservantes y altos niveles de azúcar. En segundo lugar, la sostenibilidad se ha convertido en un factor decisivo, con una creciente demanda de productos elaborados con prácticas agrícolas responsables y envases ecológicos. En tercer lugar, la personalización está ganando terreno, con marcas que ofrecen snacks adaptados a necesidades dietéticas específicas, como opciones sin gluten, veganas o cetogénicas. Finalmente, la conveniencia sigue siendo fundamental, con un énfasis en formatos on-the-go y porciones individuales."",
    ""enfoque_salud_inmunologica"": ""La salud inmunológica ha trascendido de ser una preocupación estacional a una prioridad constante para muchos consumidores. Este cambio ha impulsado la demanda de snacks que contengan ingredientes conocidos por sus propiedades de apoyo al sistema inmunitario. Los consumidores buscan activamente productos que contengan vitaminas (especialmente vitamina C y D), minerales (como zinc y selenio), probióticos y prebióticos, y compuestos bioactivos como antioxidantes y polifenoles. La percepción es que estos ingredientes pueden ayudar a fortalecer las defensas naturales del cuerpo y reducir el riesgo de enfermedades."",
    ""habitos_consumo_salud_inmunologica"": ""Los hábitos de consumo relacionados con la salud inmunológica se caracterizan por la búsqueda de alimentos fortificados y funcionales. Los consumidores están incorporando snacks que contienen ingredientes inmuno-moduladores en su rutina diaria. Esto incluye barras energéticas con probióticos, frutos secos y semillas enriquecidas con vitaminas, y chips de verduras con especias antiinflamatorias. Además, existe un creciente interés en ingredientes tradicionales y remedios herbales, como el jengibre, la cúrcuma, el ajo y el saúco, que se incorporan en diversas formulaciones de snacks."",
    ""ingredientes_clave_salud_inmunologica"": ""Varios ingredientes se han destacado por su potencial para apoyar la salud inmunológica y están ganando popularidad en la formulación de snacks. La vitamina C, presente en frutas como bayas y cítricos, es un antioxidante conocido que ayuda a proteger las células del daño. La vitamina D, que puede obtenerse de fuentes como champiñones y huevos, es crucial para la función inmunitaria. El zinc, presente en semillas y nueces, es esencial para el desarrollo y funcionamiento de las células inmunitarias. Los probióticos, que se encuentran en alimentos fermentados como el kéfir y el kimchi, pueden mejorar la salud intestinal y fortalecer la inmunidad. Los prebióticos, como la fibra de achicoria, alimentan a las bacterias beneficiosas en el intestino, apoyando indirectamente la función inmunitaria."",
    ""oportunidades_mercado_snacks_salud_inmunologica"": ""El mercado de snacks saludables ofrece numerosas oportunidades para la innovación en el ámbito de la salud inmunológica. Existe una demanda creciente de snacks que combinen múltiples beneficios funcionales, como la mejora de la inmunidad, el aumento de la energía y la promoción de la salud digestiva. Las empresas pueden explorar la creación de snacks personalizados basados en las necesidades individuales de los consumidores, utilizando datos de salud y preferencias alimentarias. Además, la transparencia en el origen y el procesamiento de los ingredientes es fundamental para generar confianza en los consumidores."",
    ""ideas_nuevos_snacks_salud_inmunologica"": ""Para capitalizar la tendencia de la salud inmunológica, proponemos las siguientes ideas concretas de nuevos snacks: 1) **Barras energéticas probióticas**: Barras elaboradas con frutas secas, nueces, semillas y probióticos encapsulados para garantizar su viabilidad. 2) **Chips de verduras fortificadas**: Chips de batata, remolacha o zanahoria enriquecidos con vitaminas C y D, y especias antiinflamatorias como la cúrcuma y el jengibre. 3) **Mezclas de frutos secos y semillas inmuno-estimulantes**: Combinaciones de almendras, nueces de Brasil, semillas de calabaza y semillas de chía, rociadas con una fina capa de miel de manuka por sus propiedades antibacterianas. 4) **Bocaditos de kéfir congelado**: Pequeñas porciones de kéfir congelado con trozos de fruta y un toque de miel, proporcionando probióticos y antioxidantes. 5) **Galletas saladas con hierbas y especias**: Galletas de grano entero con hierbas como el tomillo, el orégano y el romero, conocidas por sus propiedades antimicrobianas."",
    ""conclusion"": ""En resumen, el mercado de snacks saludables está experimentando un crecimiento significativo, impulsado por la creciente conciencia del consumidor sobre la importancia de la nutrición para la salud. La salud inmunológica se ha convertido en una prioridad clave, lo que presenta oportunidades significativas para las empresas que puedan desarrollar snacks innovadores y funcionales que satisfagan las necesidades de los consumidores. La clave del éxito radica en la utilización de ingredientes naturales y mínimamente procesados, la transparencia en el origen y el procesamiento, y la adaptación a las necesidades individuales de los consumidores.""
  }
}"
17,Personalización y Tech-Food,"{
  ""informe"": {
    ""titulo"": ""Informe Estratégico de Mercado: Tendencias Globales en Snacks Saludables con Énfasis en Personalización y Tech-Food"",
    ""introduccion"": ""El mercado global de snacks saludables está experimentando una transformación significativa, impulsada por consumidores cada vez más conscientes de su salud y bienestar. Esta evolución no solo se manifiesta en la demanda de ingredientes más nutritivos y naturales, sino también en la búsqueda de experiencias de consumo personalizadas y tecnológicamente avanzadas. Este informe analiza las tendencias clave que están configurando este mercado, con un enfoque particular en la personalización y la 'Tech-Food', ofreciendo perspectivas estratégicas para la innovación."",
    ""tendencias_generales_del_mercado"": ""El mercado de snacks saludables se caracteriza por un crecimiento constante, impulsado por factores como el aumento de la renta disponible, el cambio en los estilos de vida y la creciente preocupación por la salud. Las tendencias generales incluyen la demanda de productos bajos en azúcar, grasas y sodio, así como la preferencia por ingredientes naturales, orgánicos y de origen sostenible. Los consumidores también buscan snacks que ofrezcan beneficios funcionales, como el aumento de la energía, la mejora de la digestión o el refuerzo del sistema inmunológico. Además, la conveniencia sigue siendo un factor clave, con una alta demanda de snacks listos para consumir y fáciles de transportar."",
    ""analisis_de_la_tendencia_personalizacion"": ""La personalización en el mercado de snacks saludables va más allá de la simple elección de sabores o ingredientes. Se trata de ofrecer productos que se adapten a las necesidades y preferencias individuales de cada consumidor, teniendo en cuenta factores como su edad, género, nivel de actividad física, alergias o intolerancias alimentarias. Esta tendencia se ve impulsada por la creciente disponibilidad de datos sobre la salud y el bienestar de los consumidores, así como por el desarrollo de tecnologías que permiten la producción de snacks personalizados a gran escala. Las empresas están utilizando cuestionarios online, análisis de ADN y datos de dispositivos wearables para recopilar información sobre los consumidores y ofrecerles recomendaciones de snacks personalizados. Además, están surgiendo plataformas que permiten a los consumidores diseñar sus propios snacks, eligiendo los ingredientes, las cantidades y el formato."",
    ""analisis_de_la_tendencia_tech_food"": ""La 'Tech-Food' se refiere a la aplicación de tecnologías innovadoras en la producción, distribución y consumo de alimentos. En el mercado de snacks saludables, esta tendencia se manifiesta en el uso de tecnologías como la impresión 3D, la inteligencia artificial (IA) y la realidad aumentada (RA). La impresión 3D permite la creación de snacks con formas, texturas y nutrientes personalizados, mientras que la IA se utiliza para optimizar la formulación de los productos, predecir la demanda y personalizar las recomendaciones. La RA, por su parte, ofrece nuevas formas de interactuar con los snacks, proporcionando información sobre sus ingredientes, beneficios nutricionales y origen. Además, la 'Tech-Food' está impulsando el desarrollo de nuevos canales de distribución, como la venta online y la entrega a domicilio, que ofrecen mayor comodidad y personalización a los consumidores."",
    ""ingredientes_clave"": ""Los ingredientes clave en el mercado de snacks saludables incluyen frutos secos, semillas, frutas deshidratadas, verduras, legumbres, cereales integrales y superalimentos como la quinoa, el kale y las bayas de goji. También están ganando popularidad los ingredientes funcionales, como los probióticos, los prebióticos, los antioxidantes y las proteínas vegetales. Además, se está prestando cada vez más atención a la sostenibilidad de los ingredientes, con una creciente demanda de productos de origen local, cultivados de forma ecológica y producidos de manera ética."",
    ""oportunidades_de_innovacion"": ""Existen numerosas oportunidades para la innovación en el mercado de snacks saludables, especialmente en las áreas de personalización y 'Tech-Food'. Algunas ideas concretas incluyen: \n\n*   **Snacks personalizados basados en análisis de ADN:** Ofrecer snacks formulados específicamente para las necesidades nutricionales de cada individuo, basándose en su perfil genético.\n*   **Snacks impresos en 3D con ingredientes funcionales:** Crear snacks con formas y texturas innovadoras, utilizando ingredientes funcionales que aporten beneficios para la salud.\n*   **Plataformas online para diseñar snacks personalizados:** Permitir a los consumidores elegir los ingredientes, las cantidades y el formato de sus snacks, creando productos únicos y adaptados a sus preferencias.\n*   **Snacks con realidad aumentada que ofrecen información sobre su origen y beneficios:** Utilizar la RA para proporcionar a los consumidores información detallada sobre los ingredientes, el proceso de producción y los beneficios nutricionales de los snacks.\n*   **Suscripciones de snacks personalizados entregados a domicilio:** Ofrecer un servicio de suscripción que envíe a los consumidores snacks personalizados de forma regular, basándose en sus preferencias y necesidades."",
    ""conclusion"": ""El mercado de snacks saludables está experimentando una transformación impulsada por la personalización y la 'Tech-Food'. Las empresas que sean capaces de adaptarse a estas tendencias y ofrecer productos innovadores y personalizados tendrán una ventaja competitiva significativa. La clave del éxito reside en comprender las necesidades y preferencias de los consumidores, utilizar la tecnología para crear productos a medida y ofrecer una experiencia de consumo única y satisfactoria.""
  }
}"
18,Nostalgia y Sabores Retro Renovados,"{
  ""informe"": {
    ""titulo"": ""Informe Estratégico: Tendencias Globales en Snacks Saludables con Énfasis en Nostalgia y Sabores Retro Renovados"",
    ""introduccion"": ""El mercado global de snacks saludables continúa su expansión impulsada por un consumidor cada vez más consciente de su bienestar y de la importancia de una alimentación equilibrada. Esta tendencia, lejos de ser una moda pasajera, se ha consolidado como un cambio estructural en los hábitos de consumo, abriendo un abanico de oportunidades para la innovación y el desarrollo de productos que satisfagan las nuevas demandas del mercado. Este informe analiza las principales tendencias globales en snacks saludables, con un enfoque particular en la poderosa corriente de la nostalgia y la revitalización de sabores retro."",
    ""tendencias_generales_mercado_snacks_saludables"": ""El mercado de snacks saludables se caracteriza por una serie de tendencias clave. En primer lugar, la demanda de ingredientes naturales y orgánicos es cada vez mayor. Los consumidores buscan productos que sean mínimamente procesados, libres de aditivos artificiales y elaborados con ingredientes de origen sostenible. En segundo lugar, la transparencia en el etiquetado y la trazabilidad de los ingredientes son factores determinantes en la decisión de compra. Los consumidores quieren saber qué están consumiendo y de dónde provienen los ingredientes. En tercer lugar, la conveniencia y la portabilidad son aspectos fundamentales. Los snacks deben ser fáciles de consumir en cualquier momento y lugar, adaptándose al estilo de vida ajetreado de los consumidores modernos. Finalmente, la personalización y la diversificación son elementos diferenciadores. Los consumidores buscan snacks que se adapten a sus necesidades y preferencias individuales, ya sea por razones de salud, estilo de vida o simplemente por gusto."",
    ""enfoque_principal_nostalgia_y_sabores_retro_renovados"": ""Dentro de este contexto, la tendencia de la nostalgia y la revitalización de sabores retro emerge como una fuerza poderosa. Los consumidores, especialmente aquellos de las generaciones Millennials y Generación Z, buscan reconectar con su infancia y con sabores que les evocan recuerdos positivos. Esta tendencia se manifiesta en la reaparición de ingredientes clásicos, como la vainilla, el caramelo salado, el chocolate con leche y las frutas de temporada, pero con un giro moderno y saludable. Los sabores retro renovados se caracterizan por ser menos dulces, más naturales y elaborados con ingredientes de alta calidad. La clave del éxito radica en equilibrar la familiaridad del sabor con la innovación y la salud."",
    ""oportunidades_de_innovacion_snacks_nostalgicos"": ""Las oportunidades de innovación en snacks nostálgicos son amplias y diversas. Una opción es la creación de versiones saludables de snacks clásicos de la infancia, como galletas, barritas de cereales o caramelos, utilizando ingredientes integrales, endulzantes naturales y reduciendo el contenido de azúcar y grasas saturadas. Otra alternativa es la incorporación de sabores retro en formatos innovadores, como batidos, helados o snacks horneados. También se puede explorar la combinación de sabores nostálgicos con ingredientes exóticos o superalimentos, creando productos únicos y sorprendentes. Por ejemplo, una barrita de cereales con sabor a tarta de manzana casera, pero enriquecida con semillas de chía y bayas de goji. O un helado con sabor a algodón de azúcar, pero elaborado con leche de coco y endulzado con stevia."",
    ""ideas_concretas_nuevos_snacks"": ""A continuación, se presentan algunas ideas concretas de nuevos snacks que capitalizan la tendencia de la nostalgia y los sabores retro renovados: *   **Galletas de avena con chips de chocolate negro y sal marina:** Una versión sofisticada y saludable de las clásicas galletas de chocolate, utilizando ingredientes integrales y un toque de sal marina para realzar el sabor. *   **Barritas energéticas con sabor a arroz con leche:** Un snack energético y reconfortante, ideal para después del ejercicio o como merienda a media tarde. *   **Palomitas de maíz caramelizadas con especias:** Un snack crujiente y dulce con un toque picante, perfecto para disfrutar en casa o en el cine. *   **Yogur cremoso con sabor a fresas con nata:** Un postre ligero y refrescante que evoca los sabores del verano. *   **Frutos secos garrapiñados con miel y canela:** Un snack dulce y saludable, ideal para picar entre horas."",
    ""conclusion"": ""La tendencia de la nostalgia y los sabores retro renovados ofrece un terreno fértil para la innovación en el mercado de snacks saludables. Las empresas que sean capaces de comprender las necesidades y deseos de los consumidores y de ofrecer productos que combinen la familiaridad del sabor con la salud y la conveniencia, estarán bien posicionadas para prosperar en este mercado en constante evolución. La clave del éxito radica en la autenticidad, la calidad de los ingredientes y la capacidad de evocar emociones positivas en los consumidores.""
  }
}"
19,Precios Asequibles y Valor Percibido,"[
  {
    ""informe"": {
      ""titulo"": ""Informe Estratégico de Mercado: Snacks Saludables – Asequibilidad y Valor Percibido"",
      ""introduccion"": ""El mercado global de snacks saludables continúa su expansión, impulsado por una creciente conciencia del consumidor sobre la importancia de la nutrición y el bienestar. Sin embargo, en un contexto económico volátil, la asequibilidad y el valor percibido emergen como factores críticos que moldean las decisiones de compra y definen el éxito de las marcas. Este informe analiza las tendencias clave en el mercado de snacks saludables, con un enfoque especial en la intersección entre precios asequibles y la percepción de valor por parte del consumidor, proponiendo ideas innovadoras para capitalizar estas oportunidades."",
      ""tendencias_globales"": ""Varias tendencias globales están influyendo en el mercado de snacks saludables. En primer lugar, la demanda de ingredientes naturales y orgánicos sigue en aumento. Los consumidores buscan etiquetas limpias, evitando aditivos artificiales, conservantes y ingredientes genéticamente modificados. En segundo lugar, la personalización de la nutrición está ganando terreno. Los snacks diseñados para satisfacer necesidades dietéticas específicas, como opciones sin gluten, veganas o bajas en carbohidratos, están experimentando un crecimiento significativo. En tercer lugar, la sostenibilidad se ha convertido en una preocupación central. Los consumidores prefieren marcas que demuestren un compromiso con prácticas agrícolas responsables, envases ecológicos y la reducción del desperdicio de alimentos. Finalmente, la conveniencia sigue siendo un factor determinante, con un enfoque en formatos fáciles de consumir sobre la marcha."",
      ""habitos_del_consumidor"": ""Los hábitos de consumo de snacks están evolucionando. Los consumidores ya no ven los snacks simplemente como una forma de satisfacer el hambre entre comidas, sino como una oportunidad para complementar su dieta con nutrientes esenciales y mejorar su bienestar general. Existe una creciente demanda de snacks ricos en proteínas, fibra, vitaminas y minerales. Además, los consumidores están buscando snacks que ofrezcan beneficios funcionales, como mejorar la energía, aumentar la concentración, fortalecer el sistema inmunológico o promover la salud digestiva. La transparencia y la autenticidad son cruciales. Los consumidores quieren saber de dónde provienen los ingredientes, cómo se elaboran los snacks y qué beneficios nutricionales ofrecen."",
      ""analisis_de_precios_y_valor_percibido"": ""La asequibilidad es un factor crítico, especialmente en mercados sensibles al precio. Sin embargo, los consumidores no solo buscan el snack más barato, sino aquel que ofrezca el mejor valor por su dinero. El valor percibido se basa en una combinación de factores, incluyendo la calidad de los ingredientes, el sabor, la conveniencia, los beneficios nutricionales y la imagen de marca. Las marcas que logran comunicar eficazmente el valor de sus productos, destacando sus beneficios únicos y justificando su precio, tienen una mayor probabilidad de éxito. Las estrategias de precios pueden incluir la oferta de tamaños de porción más pequeños a precios más bajos, la creación de paquetes de valor que combinen múltiples productos o la implementación de programas de fidelización que recompensen a los clientes habituales."",
      ""ingredientes_clave_y_oportunidades"": ""Existen numerosas oportunidades para innovar en el mercado de snacks saludables utilizando ingredientes asequibles y ofreciendo un alto valor percibido. Las legumbres, como los garbanzos, las lentejas y los frijoles, son una excelente fuente de proteínas y fibra, y pueden utilizarse para crear snacks salados y dulces. Los cereales integrales, como la avena, la quinoa y el arroz integral, ofrecen carbohidratos complejos y nutrientes esenciales. Las frutas y verduras de temporada, especialmente aquellas que son abundantes y asequibles, pueden utilizarse para crear snacks frescos y nutritivos. Las semillas y los frutos secos, como las semillas de girasol, las semillas de calabaza y los cacahuetes, son una excelente fuente de grasas saludables y proteínas. Es importante explorar ingredientes locales y regionales para reducir los costos de transporte y apoyar a los agricultores locales."",
      ""ideas_de_nuevos_snacks"": ""A continuación, se presentan algunas ideas concretas de nuevos snacks que se centran en la asequibilidad y el valor percibido: 1. **Snacks a base de legumbres tostadas y sazonadas**: Garbanzos tostados con especias como pimentón ahumado, comino o chile en polvo; lentejas crujientes con hierbas provenzales; o frijoles negros tostados con un toque de lima y cilantro. Estos snacks ofrecen una alternativa saludable y asequible a las patatas fritas tradicionales. 2. **Barritas de cereales integrales con frutas y semillas**: Barritas elaboradas con avena, quinoa o arroz integral, combinadas con frutas secas de temporada y semillas como girasol o calabaza. Estas barritas ofrecen una fuente de energía sostenida y nutrientes esenciales a un precio asequible. 3. **Chips de verduras horneadas**: Chips elaborados con verduras de raíz como remolacha, zanahoria o batata, horneadas en lugar de fritas. Estos chips ofrecen una alternativa saludable y sabrosa a las patatas fritas, con un menor contenido de grasa y calorías. 4. **Bocaditos de fruta fresca con salsas saludables**: Trozos de fruta fresca de temporada, como manzanas, peras o plátanos, servidos con salsas saludables a base de yogur griego, mantequilla de cacahuete o tahini. Estos bocaditos ofrecen una opción refrescante y nutritiva para satisfacer el antojo de algo dulce."",
      ""conclusion"": ""El mercado de snacks saludables presenta un enorme potencial para las marcas que logran ofrecer productos asequibles y con un alto valor percibido. Al centrarse en ingredientes naturales y orgánicos, la personalización de la nutrición, la sostenibilidad y la conveniencia, las marcas pueden conectar con los consumidores y construir relaciones a largo plazo. La innovación en ingredientes, formatos y estrategias de precios es fundamental para el éxito en este mercado competitivo. Las ideas propuestas en este informe representan solo un punto de partida para la exploración de nuevas oportunidades y la creación de snacks saludables que satisfagan las necesidades y los deseos de los consumidores de hoy.""
    }
  }
]"
